Subject,User_Language,User_Level,Text_Book,Online_Course,Suggested_App
Wilderness Survival,Russian,Advanced,Introduction to International Relations,Cultural Anthropology Guide,BioBlitz
Medicine,Spanish,Beginner,Introduction to Linguistic Anthropology,Business Administration Bootcamp,NeuroNest
Quantum Computing,German,Intermediate,Introduction to Fashion Design,Physics Fundamentals,ChoreoCraft
Data Science,Spanish,Intermediate,Education Essentials,Pharmacology Insights,LinguaLab
Sociology,French,Beginner,Industrial Psychology Essentials,Forensic Science Fundamentals,EthicEase
Psychology,Chinese,Intermediate,Introduction to Choreography,Cryptocurrency Basics,GraphiGenius
English Language,English,Beginner,Cultural Studies Essentials,Game Theory Fundamentals,NeuroNest
Astronomy,Chinese,Advanced,Introduction to Law,Pharmacology Insights,EthicEase
Organizational Behavior,Russian,Advanced,Introduction to Economics,Psychology 101,AgriApp
Geology,English,Beginner,Introduction to Mathematics,Graphic Design Masterclass,CivilEssence
Anthropology,Spanish,Intermediate,Architecture Essentials,Environmental Science Explorations,BioBlitz
Communication Studies,German,Intermediate,Paleontology for Beginners,Nanotechnology Explorations,PoliSciPro
Quantum Computing,Russian,Beginner,Introduction to Pharmacology,Coding for Beginners,GeoGuru
Mathematics,French,Intermediate,Zoology for Beginners,Philosophical Thinking,RenewTech
Education,French,Advanced,Astronomy for Beginners,Fashion Design Studio,PsychPal
Culinary Arts,English,Intermediate,Advanced Industrial Psychology Concepts,Business Administration Bootcamp,GraphiGenius
Human Rights,English,Beginner,Geology for Beginners,Cultural Anthropology Guide,CodeCraft
Psychology,English,Advanced,Music Theory for Beginners,Game Design Workshop,PsychPal
Political Science,English,Intermediate,Organizational Behavior for Beginners,Chemistry Essentials,MateriMagic
Statistics,Russian,Advanced,Electrical Engineering for Beginners,Fashion Design Studio,GraphiGenius
Environmental Science,Spanish,Advanced,Advanced Macroeconomics Concepts,Economic Principles,LitLearn
Engineering,Chinese,Advanced,Introduction to Music Composition,Nanotechnology Explorations,AgriApp
Wilderness Survival,Spanish,Advanced,Advanced Marketing Concepts,Cultural Anthropology Guide,EthicEase
Social Media Management,German,Intermediate,Journalism Essentials,Business Administration Bootcamp,BioBlitz
Data Science,French,Intermediate,Zoology Essentials,Coding for Beginners,UrbanPlanner
Public Health,Chinese,Intermediate,Introduction to Photography,Agricultural Innovations,MathGenius
Human Resources Management,English,Advanced,Mastering Engineering,Geology Discovery,ChemConnect
Public Relations,Spanish,Advanced,Cultural Studies Essentials,Literary Classics Review,Fashionista
Organizational Behavior,French,Intermediate,Theater Arts Essentials,Chemistry Essentials,NeuroNest
Biochemistry,Spanish,Intermediate,Introduction to Education,Game Theory Fundamentals,BizBoost
Economics,Spanish,Advanced,Introduction to Music Composition,Graphic Design Masterclass,AeroEdu
Law,Russian,Beginner,Mastering Social Media Management,Aerospace Engineering Explained,Histopedia
Marketing,French,Beginner,Biochemistry Essentials,Cultural Anthropology Guide,DevPsych
Literature,Chinese,Advanced,Biology for Beginners,Materials Science Lab,Histopedia
Psychology,Spanish,Advanced,Introduction to Anthropology,Game Theory Fundamentals,SociStudy
Religious Studies,English,Advanced,Introduction to Robotics,Political Science Crash Course,CultAnthro
Philosophy,English,Advanced,Introduction to Law,Ethical Dilemmas Seminar,Histopedia
Geology,French,Beginner,Public Relations for Beginners,Economic Principles,DigitalMark
Paleontology,Russian,Advanced,Advanced Cryptography Concepts,Coding for Beginners,ArtHistoria
Entrepreneurship,Russian,Beginner,Advanced Civil Engineering Concepts,Cryptocurrency Basics,EngLang
Artificial Intelligence,German,Beginner,Advanced International Relations Concepts,Conflict Resolution Strategies,BioBuddy
Psychology,Chinese,Advanced,Conflict Resolution for Beginners,Conflict Resolution Strategies,ChemConnect
Deep Learning,Russian,Intermediate,Materials Science for Beginners,Geology Discovery,ElectriEdu
Development Studies,Chinese,Intermediate,Mastering Human Resources Management,Game Design Workshop,EngLang
History,Spanish,Beginner,Introduction to Interior Design,Cultural Anthropology Guide,BioBlitz
Software Engineering,Chinese,Intermediate,Mastering Industrial Psychology,Ethical Dilemmas Seminar,GeoExplorer
Cryptocurrency Trading,English,Intermediate,Mastering Education,Cybersecurity Essentials,ChoreoCraft
Culinary Arts,Chinese,Beginner,Culinary Arts for Beginners,Choreography Masterclass,CyberSecPro
Zoology,French,Intermediate,Agriculture Essentials,Literary Classics Review,MateriMagic
Pharmacology,English,Advanced,Introduction to Pharmacology,Geology Discovery,UrbanPlanner
Human Resources Management,Chinese,Beginner,Advanced Philosophy Concepts,Political Science Crash Course,AeroEdu
International Relations,English,Intermediate,Entrepreneurship Essentials,Neurobiology Essentials,GeoGuru
Statistics,Chinese,Intermediate,Culinary Arts for Beginners,Renewable Energy Solutions,LitLearn
Political Science,Spanish,Intermediate,Mastering Organizational Behavior,Biology Basics,CryptoCraze
Mechanical Engineering,Russian,Beginner,Introduction to Music Composition,Environmental Science Explorations,CodeCraft
Ethics,Russian,Beginner,Mastering Developmental Psychology,Astronomy Adventures,NeuroNest
Human Rights,Russian,Intermediate,Film Studies for Beginners,Materials Science Lab,StatMaster
Theater Arts,Chinese,Advanced,Advanced Industrial Psychology Concepts,Global Geography Tour,EconEase
Nutrition,Spanish,Beginner,Data Science for Beginners,Cognitive Science Explorations,AgriApp
Sociology,Spanish,Intermediate,Introduction to Literature,Art History Journey,MateriMagic
Environmental Science,Spanish,Advanced,Cognitive Science Essentials,Ethical Dilemmas Seminar,BioBlitz
Urban Planning,Russian,Advanced,Introduction to Human Resources Management,Physics Fundamentals,NeuroNest
Aerospace Engineering,German,Intermediate,Mastering Conflict Resolution,Cultural Anthropology Guide,PsychPal
Engineering,English,Advanced,Industrial Psychology Essentials,Graphic Design Masterclass,NanoNexus
Human Rights,Spanish,Beginner,Mastering Entrepreneurship,Business Administration Bootcamp,EnviroEdu
Mathematics,Chinese,Advanced,Mastering Film Studies,Cultural Anthropology Guide,AstroAdvent
Photography,English,Beginner,Mastering Psychology,Philosophical Thinking,MathGenius
Linguistics,English,Beginner,Introduction to Medicine,World History Explained,DevPsych
Microeconomics,Spanish,Advanced,Graphic Design for Beginners,Chemistry Essentials,EnviroEdu
Deep Learning,Chinese,Beginner,Advanced Deep Learning Concepts,Psychology 101,SupplySense
Marketing,Chinese,Intermediate,Chemistry Essentials,Biology Basics,EthicEase
Developmental Psychology,Spanish,Intermediate,Advanced Software Engineering Concepts,Physics Fundamentals,AgriApp
Geology,German,Beginner,Urban Planning for Beginners,Global Geography Tour,NeuroNest
English Language,Spanish,Beginner,Conflict Resolution for Beginners,Biology Basics,AeroEdu
Pharmacology,Spanish,Beginner,International Relations Essentials,Neurobiology Essentials,BioBlitz
Public Health,Chinese,Beginner,Mastering Economics,Agricultural Innovations,LinguaLab
Photography,German,Beginner,Mastering Art History,World History Explained,PhysicsExplorer
Zoology,Chinese,Beginner,Sociology Essentials,Forensic Science Fundamentals,CognoCraft
Civil Engineering,French,Intermediate,Advanced Forensic Science Concepts,Agricultural Innovations,ChemConnect
Genetics,German,Advanced,Data Science for Beginners,Economic Principles,BizBoost
Aerospace Engineering,Russian,Intermediate,Advanced Cryptocurrency Trading Concepts,Fashion Design Studio,SupplySense
Materials Science,German,Intermediate,Machine Learning Essentials,Sociology Insights,EngLang
Culinary Arts,German,Beginner,Advanced Law Concepts,Operations Management Mastery,NeuroNest
Pharmacology,Chinese,Advanced,Introduction to Communication Studies,Agricultural Innovations,CodeCraft
Information Technology,Russian,Intermediate,Quantum Mechanics Essentials,Neurobiology Essentials,GraphiGenius
Ethics,German,Intermediate,Psychology for Beginners,Cultural Anthropology Guide,ConflictCoach
Supply Chain Management,German,Beginner,Advanced Data Science Concepts,Psychology 101,CognoCraft
Human Resources Management,German,Beginner,Advanced Communication Studies Concepts,Cybersecurity Essentials,CultAnthro
Software Engineering,French,Beginner,Introduction to Public Relations,Biology Basics,Fashionista
Religious Studies,German,Intermediate,Mastering Anthropology,English Grammar Workshop,SupplySense
Cybersecurity,Russian,Advanced,Advanced Electrical Engineering Concepts,Digital Marketing Strategies,EconEase
Deep Learning,German,Intermediate,Mastering Developmental Psychology,Art History Journey,AeroEdu
Forensic Science,Russian,Advanced,Chemistry Essentials,Business Administration Bootcamp,CognoCraft
Religious Studies,English,Beginner,Advanced Genetics Concepts,Sociology Insights,OpMan
Deep Learning,Spanish,Advanced,Mastering Forensic Science,Renewable Energy Solutions,GraphiGenius
Music Composition,French,Beginner,Advanced Development Studies Concepts,Sociology Insights,CryptoCraze
Quantum Mechanics,English,Advanced,Quantum Computing Essentials,Linguistics Lab,BioBlitz
Linguistic Anthropology,English,Beginner,Law Essentials,Math Mastery,Histopedia
Development Studies,Russian,Intermediate,Introduction to Literature,Mechanical Engineering Workshop,EngLang
Theater Arts,German,Advanced,Wilderness Survival Essentials,Cultural Anthropology Guide,RenewTech
Education,German,Intermediate,Advanced Philosophy Concepts,Global Geography Tour,ChoreoCraft
Conflict Resolution,French,Advanced,Advanced International Relations Concepts,Cognitive Science Explorations,PsychPal
Paleontology,Spanish,Advanced,Mastering Paleontology,Mechanical Engineering Workshop,GeoGuru
Linguistics,German,Beginner,Introduction to Anthropology,Fashion Design Studio,EthicEase
Nutrition,German,Beginner,Mastering Forensic Science,Astronomy Adventures,AstroAdvent
Pharmacology,Russian,Intermediate,Advanced Theater Arts Concepts,Supply Chain Management Workshop,LinguaLab
Urban Planning,Spanish,Intermediate,Advanced Agriculture Concepts,Music Composition Techniques,ConflictCoach
Architecture,English,Advanced,Computer Science for Beginners,Materials Science Lab,ChemConnect
Cognitive Science,Spanish,Advanced,Mastering Machine Learning,Conflict Resolution Strategies,EnviroEdu
Graphic Design,Russian,Beginner,Genetics for Beginners,Chemistry Essentials,BizBoost
International Relations,Russian,Beginner,Advanced Theater Arts Concepts,Sociology Insights,StatMaster
Music Theory,Russian,Beginner,Mastering Music Theory,Forensic Science Fundamentals,GameTactics
Computer Science,Chinese,Beginner,Mastering Biochemistry,Ethical Dilemmas Seminar,CodeCraft
Sports Science,German,Intermediate,Advanced International Relations Concepts,Biochemistry Bootcamp,Histopedia
Cryptocurrency Trading,Spanish,Beginner,Robotics Essentials,Biology Basics,AstroAdvent
Law,English,Beginner,Developmental Psychology Essentials,Linguistics Lab,AstroAdvent
Microeconomics,Spanish,Advanced,Introduction to Education,Mechanical Engineering Workshop,PhysicsExplorer
Cybersecurity,Chinese,Advanced,Mastering Literature,Physics Fundamentals,StatMaster
Fashion Design,Chinese,Intermediate,Astronomy Essentials,Political Science Crash Course,EngLang
Astronomy,English,Intermediate,Introduction to Marketing,Astronomy Adventures,CyberSecPro
Anthropology,Russian,Intermediate,Human Resources Management Essentials,Developmental Psychology Workshop,MathGenius
Choreography,German,Intermediate,Mastering Brand Management,Environmental Science Explorations,SupplySense
Sociology,German,Beginner,Introduction to Education,Music Composition Techniques,ConflictCoach
Forensic Science,Chinese,Intermediate,Mastering Behavioral Economics,Materials Science Lab,MathGenius
Religious Studies,English,Intermediate,Introduction to Data Science,Pharmacology Insights,Fashionista
Mechanical Engineering,Chinese,Intermediate,Music Composition Essentials,Global Geography Tour,BioBuddy
Quantum Mechanics,Spanish,Advanced,Advanced History Concepts,Choreography Masterclass,CivilEssence
Robotics,German,Advanced,Film Studies Essentials,Art History Journey,GameTactics
Marine Biology,Chinese,Intermediate,Mastering Theater Arts,Aerospace Engineering Explained,BioBlitz
Political Science,English,Intermediate,Introduction to Linguistic Anthropology,Nanotechnology Explorations,PhiloForum
Cultural Studies,Russian,Advanced,Geology for Beginners,Philosophical Thinking,BioBlitz
Quantum Computing,English,Advanced,Software Engineering Essentials,Math Mastery,SociStudy
Information Technology,Chinese,Intermediate,Sports Science Essentials,Biology Basics,CognoCraft
Culinary Arts,Spanish,Beginner,Music Theory Essentials,Materials Science Lab,ElectriEdu
Literature,English,Intermediate,Film Studies for Beginners,Developmental Psychology Workshop,AstroAdvent
Marine Biology,English,Advanced,Art History Essentials,Linguistics Lab,ChoreoCraft
Mathematics,French,Advanced,Introduction to Quantum Computing,Cultural Anthropology Guide,BizBoost
Operations Management,French,Intermediate,Human Rights for Beginners,Aerospace Engineering Explained,LitLearn
Quantum Computing,Spanish,Intermediate,Mastering Engineering,Geology Discovery,PsychPal
Film Studies,German,Intermediate,Advanced Game Theory Concepts,Civil Engineering Principles,CivilEssence
Cybersecurity,Chinese,Advanced,Introduction to Brand Management,Economic Principles,CodeCraft
Pharmacology,English,Advanced,Cultural Studies for Beginners,Mechanical Engineering Workshop,AeroEdu
Paleontology,German,Advanced,Data Science Essentials,Philosophical Thinking,LinguaLab
Architecture,French,Beginner,Mastering Urban Planning,Fashion Design Studio,BioBlitz
Genetics,English,Intermediate,Advanced History Concepts,Civil Engineering Principles,GeoGuru
Art History,German,Intermediate,Advanced Graphic Design Concepts,Biochemistry Bootcamp,ForenTech
Neurobiology,German,Beginner,Mastering Marine Biology,Graphic Design Masterclass,AeroEdu
Forensic Science,Spanish,Intermediate,Mastering Theater Arts,Political Science Crash Course,CyberSecPro
Fashion Design,Spanish,Beginner,Mastering Cybersecurity,Philosophical Thinking,CryptoCraze
Organizational Behavior,Chinese,Beginner,Mastering Nutrition,Linguistics Lab,NeuroNest
Development Studies,Chinese,Advanced,Advanced Photography Concepts,Geology Discovery,CultAnthro
Game Design,English,Beginner,Introduction to Marketing,Materials Science Lab,SociStudy
Music Composition,German,Beginner,Music Theory for Beginners,Chemistry Essentials,EnviroEdu
English Language,German,Beginner,Advanced Anthropology Concepts,Game Theory Fundamentals,PharmaPedia
Paleontology,Russian,Intermediate,Photography for Beginners,Game Theory Fundamentals,CyberSecPro
Paleontology,German,Beginner,Graphic Design Essentials,Operations Management Mastery,CivilEssence
Social Media Management,Russian,Intermediate,Choreography for Beginners,Geology Discovery,CyberSecPro
Pharmacology,Russian,Advanced,Introduction to Education,Environmental Science Explorations,GameTactics
Quantum Mechanics,Russian,Beginner,Advanced Machine Learning Concepts,Neurobiology Essentials,ArtHistoria
Sports Science,Russian,Advanced,Advanced Medicine Concepts,Math Mastery,ChoreoCraft
History,English,Intermediate,Quantum Computing Essentials,Cybersecurity Essentials,Histopedia
Quantum Computing,French,Advanced,Advanced Urban Planning Concepts,Operations Management Mastery,Histopedia
Literature,Russian,Advanced,Advanced Software Engineering Concepts,Linguistics Lab,CyberSecPro
Zoology,Russian,Advanced,Mastering Cryptocurrency Trading,Math Mastery,AeroEdu
Ethics,French,Intermediate,Mastering Physics,Art History Journey,Fashionista
Choreography,French,Intermediate,Data Science for Beginners,Linguistics Lab,PhiloForum
Human Resources Management,Spanish,Intermediate,Advanced Marketing Concepts,Art History Journey,GameGenius
Geology,French,Intermediate,Materials Science Essentials,Astronomy Adventures,MusicMagic
Interior Design,Chinese,Advanced,Advanced Religious Studies Concepts,Conflict Resolution Strategies,ConflictCoach
Linguistic Anthropology,Russian,Intermediate,Marine Biology for Beginners,Graphic Design Masterclass,AeroEdu
Biochemistry,Spanish,Advanced,Mastering Deep Learning,Developmental Psychology Workshop,LinguaLab
Cryptography,Chinese,Advanced,Advanced Environmental Science Concepts,Psychology 101,AgriApp
Neurobiology,German,Beginner,Introduction to Photography,Graphic Design Masterclass,CryptoCraze
Law,Chinese,Advanced,Introduction to Development Studies,English Grammar Workshop,NanoNexus
Nanotechnology,Russian,Intermediate,Aerospace Engineering for Beginners,Aerospace Engineering Explained,UrbanPlanner
Statistics,German,Intermediate,Quantum Mechanics for Beginners,Mechanical Engineering Workshop,EthicEase
Communication Studies,Spanish,Advanced,Advanced Environmental Science Concepts,Global Geography Tour,BioBuddy
Ethics,French,Beginner,Advanced Machine Learning Concepts,Biochemistry Bootcamp,BioBuddy
Cryptocurrency,Chinese,Beginner,Introduction to Supply Chain Management,Philosophical Thinking,NanoNexus
Machine Learning,Spanish,Beginner,Culinary Arts for Beginners,Cryptocurrency Basics,DigitalMark
Cultural Studies,English,Intermediate,Public Relations for Beginners,Psychology 101,MateriMagic
Cryptography,Chinese,Advanced,Mastering Cybersecurity,Math Mastery,NeuroNest
Public Health,Spanish,Beginner,Civil Engineering for Beginners,Math Mastery,CognoCraft
Marine Biology,English,Advanced,Religious Studies for Beginners,Graphic Design Masterclass,CultAnthro
Sports Science,French,Intermediate,Data Science Essentials,Aerospace Engineering Explained,AeroEdu
Public Health,Spanish,Intermediate,Physics for Beginners,Aerospace Engineering Explained,SociStudy
Aerospace Engineering,German,Beginner,Mastering Entrepreneurship,Materials Science Lab,LinguaLab
Electrical Engineering,French,Advanced,Advanced Religious Studies Concepts,Global Geography Tour,UrbanPlanner
Chemistry,Spanish,Advanced,Mastering Conflict Resolution,Choreography Masterclass,NeuroNest
Aerospace Engineering,Chinese,Intermediate,Mastering Astronomy,Biochemistry Bootcamp,ChoreoCraft
Astronomy,Chinese,Beginner,Machine Learning Essentials,Developmental Psychology Workshop,UrbanPlanner
Microeconomics,French,Advanced,Architecture for Beginners,Cultural Anthropology Guide,ChemConnect
Film Studies,Russian,Advanced,Geology Essentials,Materials Science Lab,ChemConnect
Culinary Arts,German,Beginner,Introduction to Pharmacology,Philosophical Thinking,UrbanPlanner
Journalism,German,Intermediate,Deep Learning Essentials,Materials Science Lab,NanoNexus
Fashion Design,English,Advanced,Mastering Journalism,Physics Fundamentals,NanoNexus
Development Studies,Chinese,Intermediate,Mastering Fashion Design,Game Theory Fundamentals,EngLang
Entrepreneurship,German,Intermediate,Mastering Civil Engineering,Cultural Anthropology Guide,GraphiGenius
Wilderness Survival,French,Beginner,Conflict Resolution Essentials,Nanotechnology Explorations,GeoGuru
Theater Arts,Spanish,Beginner,Urban Planning for Beginners,Biochemistry Bootcamp,StatMaster
Quantum Computing,French,Beginner,Advanced Human Resources Management Concepts,Statistical Analysis Workshop,SupplySense
Quantum Computing,Chinese,Advanced,Mastering Cybersecurity,Electrical Engineering Essentials,EthicEase
Cryptocurrency Trading,Spanish,Intermediate,Mastering Cognitive Science,Choreography Masterclass,CryptoCraze
History,German,Intermediate,Introduction to Choreography,Business Administration Bootcamp,PoliSciPro
Journalism,Russian,Intermediate,Advanced Electrical Engineering Concepts,Civil Engineering Principles,CivilEssence
Literature,Spanish,Intermediate,Advanced English Language Concepts,Literary Classics Review,Histopedia
Political Science,Spanish,Beginner,Introduction to Materials Science,Supply Chain Management Workshop,CultAnthro
Sociology,French,Beginner,Art History Essentials,Biology Basics,NanoNexus
Development Studies,French,Beginner,Biochemistry for Beginners,Agricultural Innovations,LitLearn
Political Science,German,Advanced,Biochemistry for Beginners,Biochemistry Bootcamp,LitLearn
Operations Management,German,Advanced,Introduction to Development Studies,Game Design Workshop,CultAnthro
Zoology,Russian,Intermediate,Architecture for Beginners,Forensic Science Fundamentals,CivilEssence
Information Technology,Russian,Intermediate,Mastering Forensic Science,World History Explained,GameGenius
Renewable Energy,Spanish,Intermediate,Communication Studies Essentials,Agricultural Innovations,GeoGuru
Renewable Energy,Spanish,Intermediate,Introduction to Choreography,Coding for Beginners,PharmaPedia
Mathematics,English,Beginner,Mastering Forensic Science,Cryptocurrency Basics,DevPsych
Artificial Intelligence,English,Beginner,Public Relations Essentials,Graphic Design Masterclass,UrbanPlanner
Political Science,Russian,Beginner,Renewable Energy Essentials,Ethical Dilemmas Seminar,ForenTech
Organizational Behavior,Russian,Intermediate,Advanced Cryptocurrency Trading Concepts,Psychology 101,LinguaLab
Quantum Computing,Russian,Intermediate,Geography Essentials,Electrical Engineering Essentials,EngLang
Public Relations,Russian,Beginner,Civil Engineering Essentials,Geology Discovery,EngLang
Behavioral Economics,Spanish,Beginner,Biochemistry for Beginners,Music Composition Techniques,EconEase
Social Media Management,French,Intermediate,Psychology for Beginners,Astronomy Adventures,AstroAdvent
Religious Studies,English,Beginner,Advanced Forensic Science Concepts,Philosophical Thinking,ElectriEdu
Medicine,Russian,Advanced,Music Theory for Beginners,Supply Chain Management Workshop,MateriMagic
Wilderness Survival,Spanish,Beginner,Introduction to Genetics,Fashion Design Studio,PhysicsExplorer
Agriculture,English,Intermediate,Linguistics for Beginners,Statistical Analysis Workshop,GameGenius
Industrial Psychology,French,Beginner,Introduction to Developmental Psychology,Astronomy Adventures,NeuroNest
Cybersecurity,Spanish,Advanced,Theater Arts Essentials,Choreography Masterclass,GraphiGenius
Renewable Energy,English,Advanced,Mastering Organizational Behavior,Astronomy Adventures,Fashionista
Supply Chain Management,Chinese,Beginner,Graphic Design for Beginners,Game Design Workshop,EngLang
Marine Biology,English,Advanced,Introduction to Wilderness Survival,Electrical Engineering Essentials,EnviroEdu
Behavioral Economics,German,Beginner,Introduction to Genetics,Aerospace Engineering Explained,UrbanPlanner
Medicine,English,Intermediate,Advanced English Language Concepts,Economic Principles,EconEase
Cryptocurrency Trading,English,Advanced,Urban Planning Essentials,Political Science Crash Course,GeoExplorer
Data Science,Spanish,Intermediate,Electrical Engineering for Beginners,Political Science Crash Course,RenewTech
Entrepreneurship,Spanish,Intermediate,Advanced Paleontology Concepts,Art History Journey,PhysicsExplorer
Human Resources Management,German,Intermediate,Mastering Photography,Urban Planning Insights,BioBlitz
Geology,English,Intermediate,Introduction to History,Global Geography Tour,ConflictCoach
Physics,English,Beginner,Cultural Studies Essentials,Materials Science Lab,StatMaster
Quantum Computing,Russian,Intermediate,Mastering Astronomy,Materials Science Lab,CultAnthro
Game Theory,Russian,Intermediate,Advanced Photography Concepts,Developmental Psychology Workshop,AeroEdu
Psychology,Chinese,Advanced,Film Studies for Beginners,Cryptocurrency Basics,PhysicsExplorer
Public Relations,Spanish,Intermediate,Advanced Interior Design Concepts,Civil Engineering Principles,AgriApp
Deep Learning,French,Advanced,Advanced Medicine Concepts,Materials Science Lab,CognoCraft
Agriculture,English,Intermediate,Advanced Paleontology Concepts,Supply Chain Management Workshop,BioBlitz
Psychology,French,Intermediate,Advanced Genetics Concepts,Conflict Resolution Strategies,ConflictCoach
Marine Biology,Chinese,Intermediate,Advanced History Concepts,Game Theory Fundamentals,StatMaster
Economics,German,Intermediate,Urban Planning Essentials,Mechanical Engineering Workshop,ArtHistoria
Supply Chain Management,Russian,Beginner,Advanced Machine Learning Concepts,Sociology Insights,ArtHistoria
Medicine,Russian,Beginner,International Relations Essentials,Sociology Insights,Histopedia
Machine Learning,Spanish,Advanced,Mastering Cybersecurity,Physics Fundamentals,BioBuddy
Music Composition,Chinese,Intermediate,Introduction to Information Technology,Physics Fundamentals,PoliSciPro
Quantum Computing,English,Intermediate,Mastering Cryptography,Game Design Workshop,MathGenius
Behavioral Economics,Spanish,Advanced,Public Relations Essentials,English Grammar Workshop,Histopedia
Journalism,French,Beginner,Urban Planning for Beginners,Operations Management Mastery,GameTactics
Music Composition,Chinese,Intermediate,Mastering Electrical Engineering,Supply Chain Management Workshop,ChemConnect
Macroeconomics,English,Intermediate,Graphic Design for Beginners,Graphic Design Masterclass,EnviroEdu
Culinary Arts,Spanish,Advanced,Introduction to Renewable Energy,Astronomy Adventures,Fashionista
Game Theory,Spanish,Intermediate,Literature Essentials,Political Science Crash Course,CodeCraft
Engineering,Chinese,Beginner,Agriculture Essentials,Game Design Workshop,CivilEssence
Neurobiology,French,Intermediate,Quantum Mechanics for Beginners,Cognitive Science Explorations,MateriMagic
Linguistics,English,Intermediate,International Relations Essentials,Global Geography Tour,SupplySense
Linguistic Anthropology,English,Intermediate,Advanced Cognitive Science Concepts,Cultural Anthropology Guide,ChoreoCraft
Political Science,French,Intermediate,Mastering Music Theory,Forensic Science Fundamentals,RenewTech
Environmental Science,Spanish,Beginner,Mastering Art History,Aerospace Engineering Explained,EnviroEdu
Law,English,Advanced,Education for Beginners,Linguistics Lab,Fashionista
Quantum Mechanics,Russian,Advanced,Advanced Developmental Psychology Concepts,Literary Classics Review,ElectriEdu
Renewable Energy,English,Advanced,Genetics for Beginners,Physics Fundamentals,ElectriEdu
Game Design,German,Intermediate,Electrical Engineering Essentials,Business Administration Bootcamp,CognoCraft
Choreography,Russian,Advanced,Civil Engineering Essentials,Forensic Science Fundamentals,PsychPal
Civil Engineering,German,Advanced,Introduction to Engineering,Nanotechnology Explorations,AeroEdu
Social Media Management,English,Beginner,Public Health Essentials,Sociology Insights,CivilEssence
Artificial Intelligence,Spanish,Intermediate,Mechanical Engineering Essentials,Conflict Resolution Strategies,MechMaster
Architecture,Spanish,Advanced,Introduction to Neurobiology,Geology Discovery,CultAnthro
Conflict Resolution,German,Beginner,Advanced Business Administration Concepts,Political Science Crash Course,BizBoost
Mechanical Engineering,German,Beginner,Advanced Philosophy Concepts,Digital Marketing Strategies,CyberSecPro
Nanotechnology,French,Beginner,Environmental Science Essentials,Music Composition Techniques,DevPsych
Nanotechnology,Spanish,Advanced,Mastering Biology,Geology Discovery,CultAnthro
Quantum Computing,Spanish,Advanced,Introduction to Pharmacology,Psychology 101,GraphiGenius
Quantum Mechanics,Spanish,Beginner,Communication Studies for Beginners,Developmental Psychology Workshop,MathGenius
Robotics,English,Beginner,Mastering Astronomy,Choreography Masterclass,GameTactics
Sociology,French,Intermediate,Advanced Anthropology Concepts,Choreography Masterclass,AgriApp
Wilderness Survival,French,Advanced,Advanced Music Composition Concepts,Chemistry Essentials,GeoGuru
Software Engineering,French,Advanced,Mastering Civil Engineering,Physics Fundamentals,GameTactics
Physics,Spanish,Intermediate,Introduction to Paleontology,Game Theory Fundamentals,NeuroNest
Game Design,Russian,Intermediate,Introduction to Civil Engineering,Ethical Dilemmas Seminar,UrbanPlanner
Wilderness Survival,Spanish,Beginner,Chemistry Essentials,Agricultural Innovations,ChemConnect
Medicine,English,Intermediate,Education Essentials,Game Design Workshop,CultAnthro
English Language,French,Intermediate,Graphic Design for Beginners,Biochemistry Bootcamp,SupplySense
Photography,Chinese,Beginner,Introduction to Data Science,Astronomy Adventures,StatMaster
Music Composition,French,Beginner,International Relations Essentials,Art History Journey,MechMaster
Development Studies,Spanish,Advanced,Advanced Machine Learning Concepts,Game Design Workshop,ChoreoCraft
Aerospace Engineering,German,Advanced,Mastering Art History,Graphic Design Masterclass,PharmaPedia
Literature,Chinese,Beginner,Education for Beginners,Astronomy Adventures,SupplySense
Religious Studies,Russian,Intermediate,Advanced Sports Science Concepts,Chemistry Essentials,RenewTech
Quantum Computing,Russian,Advanced,Cultural Studies for Beginners,Global Geography Tour,MusicMagic
Genetics,German,Intermediate,Biochemistry Essentials,Astronomy Adventures,AgriApp
Public Health,Chinese,Beginner,Introduction to Photography,Aerospace Engineering Explained,LitLearn
Brand Management,French,Advanced,Mastering Chemistry,Music Composition Techniques,EconEase
Social Media Management,German,Beginner,Urban Planning Essentials,Conflict Resolution Strategies,CyberSecPro
Environmental Science,Russian,Advanced,Mastering Journalism,Urban Planning Insights,DevPsych
Microeconomics,Chinese,Beginner,Wilderness Survival for Beginners,Neurobiology Essentials,CognoCraft
Art History,French,Intermediate,Advanced Software Engineering Concepts,Astronomy Adventures,AstroAdvent
Choreography,English,Beginner,Advanced Cryptography Concepts,Art History Journey,EngLang
Music Composition,Chinese,Beginner,Mastering Education,Operations Management Mastery,GeoGuru
Nanotechnology,German,Beginner,Computer Science for Beginners,Astronomy Adventures,NanoNexus
Photography,English,Advanced,Mechanical Engineering Essentials,Cybersecurity Essentials,CryptoCraze
Anthropology,English,Beginner,Mastering Chemistry,Political Science Crash Course,Histopedia
Software Engineering,Chinese,Beginner,Mastering Information Technology,Art History Journey,PhysicsExplorer
Engineering,English,Intermediate,Zoology for Beginners,Developmental Psychology Workshop,PsychPal
Geology,Spanish,Beginner,Advanced Cultural Studies Concepts,Global Geography Tour,CultAnthro
Physics,English,Intermediate,Mastering Photography,Statistical Analysis Workshop,EconEase
Music Composition,French,Intermediate,Advanced Chemistry Concepts,Sociology Insights,AstroAdvent
Neurobiology,English,Advanced,Robotics Essentials,Literary Classics Review,DigitalMark
Machine Learning,French,Advanced,Introduction to Human Resources Management,Physics Fundamentals,CultAnthro
Aerospace Engineering,Russian,Beginner,Introduction to Forensic Science,Materials Science Lab,PhysicsExplorer
Cognitive Science,English,Beginner,Electrical Engineering for Beginners,Geology Discovery,EnviroEdu
Journalism,Russian,Intermediate,Mastering Electrical Engineering,World History Explained,PoliSciPro
Civil Engineering,German,Intermediate,Mastering Machine Learning,Civil Engineering Principles,GeoExplorer
Artificial Intelligence,German,Beginner,Introduction to Brand Management,Coding for Beginners,DevPsych
Architecture,German,Advanced,Introduction to Biology,Nanotechnology Explorations,CodeCraft
Philosophy,French,Intermediate,Introduction to Civil Engineering,Cognitive Science Explorations,ChemConnect
Choreography,German,Intermediate,Advanced Film Studies Concepts,Conflict Resolution Strategies,PoliSciPro
Machine Learning,English,Beginner,Linguistics for Beginners,Supply Chain Management Workshop,EthicEase
Architecture,German,Intermediate,Supply Chain Management for Beginners,Cybersecurity Essentials,BioBlitz
Sports Science,French,Beginner,Introduction to Genetics,Digital Marketing Strategies,PsychPal
Materials Science,Russian,Beginner,Advanced Developmental Psychology Concepts,Operations Management Mastery,DevPsych
Public Relations,French,Intermediate,Mastering Engineering,Math Mastery,EnviroEdu
Computer Science,English,Intermediate,Game Design Essentials,Coding for Beginners,CivilEssence
Operations Management,Russian,Advanced,Biochemistry Essentials,Operations Management Mastery,EnviroEdu
Brand Management,Chinese,Intermediate,Mastering Philosophy,Biology Basics,OpMan
Music Composition,Chinese,Intermediate,Mastering Cybersecurity,Psychology 101,OpMan
Choreography,Spanish,Advanced,Advanced Ethics Concepts,Fashion Design Studio,AgriApp
Data Science,Spanish,Intermediate,Introduction to Theater Arts,Chemistry Essentials,GeoGuru
Law,Chinese,Advanced,Urban Planning Essentials,Physics Fundamentals,BioBlitz
Information Technology,French,Beginner,Introduction to Artificial Intelligence,Nanotechnology Explorations,NeuroNest
Mechanical Engineering,French,Intermediate,Robotics Essentials,Urban Planning Insights,ChoreoCraft
Data Science,French,Advanced,Advanced Machine Learning Concepts,Civil Engineering Principles,EnviroEdu
Robotics,German,Advanced,Introduction to Physics,Psychology 101,BioBuddy
Fashion Design,German,Beginner,Introduction to Cryptocurrency,Mechanical Engineering Workshop,CivilEssence
Music Theory,German,Advanced,Electrical Engineering Essentials,Choreography Masterclass,PoliSciPro
Game Theory,Russian,Intermediate,Zoology for Beginners,Graphic Design Masterclass,ConflictCoach
Linguistic Anthropology,English,Beginner,Mastering Photography,Music Composition Techniques,StatMaster
International Relations,Chinese,Intermediate,Ethics for Beginners,Ethical Dilemmas Seminar,PoliSciPro
Pharmacology,English,Beginner,Advanced Business Administration Concepts,Biochemistry Bootcamp,RenewTech
Game Theory,Chinese,Intermediate,Mastering Astronomy,Coding for Beginners,CryptoCraze
Medicine,German,Intermediate,Mastering Cybersecurity,Game Design Workshop,CyberSecPro
Literature,Russian,Advanced,Introduction to Linguistics,Literary Classics Review,UrbanPlanner
Marketing,English,Beginner,Introduction to Literature,Renewable Energy Solutions,ForenTech
Communication Studies,French,Beginner,Introduction to History,Music Composition Techniques,PsychPal
International Relations,German,Intermediate,Organizational Behavior for Beginners,Materials Science Lab,EconEase
Organizational Behavior,Chinese,Beginner,Introduction to History,Physics Fundamentals,MateriMagic
Biochemistry,Russian,Intermediate,Mechanical Engineering Essentials,Digital Marketing Strategies,BioBuddy
Supply Chain Management,Spanish,Advanced,Introduction to Forensic Science,Geology Discovery,GeoExplorer
Macroeconomics,Chinese,Beginner,Introduction to Materials Science,Cybersecurity Essentials,BizBoost
Civil Engineering,Spanish,Beginner,Civil Engineering for Beginners,Geology Discovery,CryptoCraze
Literature,Russian,Intermediate,Advanced Chemistry Concepts,Linguistics Lab,ConflictCoach
Mathematics,Russian,Advanced,Artificial Intelligence for Beginners,Cybersecurity Essentials,GeoGuru
Wilderness Survival,German,Intermediate,Mastering Statistics,Economic Principles,ChemConnect
Education,English,Beginner,Advanced Business Administration Concepts,Chemistry Essentials,ConflictCoach
Choreography,French,Beginner,Advanced Engineering Concepts,Fashion Design Studio,DigitalMark
Art History,German,Intermediate,Advanced Development Studies Concepts,Astronomy Adventures,LinguaLab
Geography,Spanish,Beginner,Mastering Biochemistry,Literary Classics Review,PhiloForum
Psychology,English,Intermediate,Mechanical Engineering Essentials,Operations Management Mastery,SociStudy
Choreography,Russian,Beginner,Mastering English Language,Digital Marketing Strategies,BizBoost
Zoology,English,Intermediate,Introduction to Marketing,Conflict Resolution Strategies,AstroAdvent
Chemistry,French,Advanced,Medicine for Beginners,Statistical Analysis Workshop,PsychPal
Social Media Management,German,Intermediate,Public Relations Essentials,Math Mastery,SociStudy
Deep Learning,Russian,Beginner,Graphic Design Essentials,Global Geography Tour,EthicEase
Nutrition,Spanish,Beginner,Advanced Conflict Resolution Concepts,Developmental Psychology Workshop,CivilEssence
Political Science,English,Advanced,Geography Essentials,Supply Chain Management Workshop,GameGenius
Materials Science,Spanish,Advanced,Advanced Genetics Concepts,Chemistry Essentials,PoliSciPro
Software Engineering,Spanish,Advanced,Biochemistry Essentials,Digital Marketing Strategies,BizBoost
Mechanical Engineering,Russian,Intermediate,Mastering Macroeconomics,Forensic Science Fundamentals,CivilEssence
Anthropology,Chinese,Beginner,Mastering English Language,Electrical Engineering Essentials,ChemConnect
Cryptography,Spanish,Intermediate,Advanced Physics Concepts,Electrical Engineering Essentials,MathGenius
International Relations,German,Advanced,Photography Essentials,Digital Marketing Strategies,BioBlitz
Nanotechnology,English,Beginner,Organizational Behavior for Beginners,Cultural Anthropology Guide,GameTactics
Biochemistry,Chinese,Beginner,Introduction to Supply Chain Management,Sociology Insights,LinguaLab
Biochemistry,German,Beginner,Mastering Medicine,Art History Journey,ConflictCoach
Nanotechnology,French,Beginner,Advanced English Language Concepts,Biology Basics,ElectriEdu
Information Technology,Spanish,Advanced,Computer Science for Beginners,Supply Chain Management Workshop,GameTactics
Cybersecurity,French,Beginner,Advanced Physics Concepts,Digital Marketing Strategies,PharmaPedia
Agriculture,Chinese,Beginner,Advanced Physics Concepts,Ethical Dilemmas Seminar,CodeCraft
Architecture,Spanish,Beginner,Entrepreneurship Essentials,Philosophical Thinking,EngLang
Cryptocurrency Trading,Chinese,Beginner,Mastering Human Resources Management,Philosophical Thinking,StatMaster
Psychology,English,Intermediate,Introduction to Urban Planning,Psychology 101,ArtHistoria
Geography,German,Advanced,Public Health Essentials,Cultural Anthropology Guide,GameGenius
Forensic Science,German,Intermediate,Advanced Marketing Concepts,Game Design Workshop,EngLang
Renewable Energy,English,Intermediate,Mastering Organizational Behavior,Biology Basics,PhiloForum
Wilderness Survival,Chinese,Intermediate,Introduction to Marketing,Cultural Anthropology Guide,AeroEdu
Biochemistry,Russian,Advanced,Mastering Environmental Science,Astronomy Adventures,AstroAdvent
Theater Arts,English,Advanced,Data Science Essentials,Cultural Anthropology Guide,CultAnthro
English Language,Chinese,Beginner,Photography Essentials,Civil Engineering Principles,GameGenius
Deep Learning,German,Beginner,Introduction to Information Technology,Supply Chain Management Workshop,LitLearn
Marketing,Chinese,Beginner,Advanced Development Studies Concepts,Cybersecurity Essentials,PoliSciPro
Cryptography,French,Advanced,Introduction to Linguistics,Statistical Analysis Workshop,RenewTech
Photography,French,Advanced,Journalism for Beginners,Geology Discovery,MechMaster
Public Relations,French,Beginner,Mastering Journalism,Economic Principles,EngLang
Cognitive Science,English,Intermediate,Mastering Agriculture,Game Design Workshop,ChoreoCraft
Biology,German,Advanced,Mastering Marketing,Mechanical Engineering Workshop,EconEase
Aerospace Engineering,French,Advanced,Data Science for Beginners,Chemistry Essentials,BioBuddy
Genetics,French,Advanced,Electrical Engineering Essentials,Coding for Beginners,EconEase
Quantum Computing,German,Intermediate,Introduction to Public Relations,Economic Principles,ConflictCoach
Sports Science,English,Beginner,Machine Learning Essentials,Biology Basics,EthicEase
Philosophy,French,Intermediate,Advanced Software Engineering Concepts,World History Explained,GameGenius
Economics,French,Advanced,Mastering Organizational Behavior,Cybersecurity Essentials,GraphiGenius
Mathematics,French,Intermediate,Civil Engineering for Beginners,Geology Discovery,UrbanPlanner
Industrial Psychology,English,Beginner,Mastering Cybersecurity,Civil Engineering Principles,GraphiGenius
Nutrition,English,Intermediate,Advanced Agriculture Concepts,Game Design Workshop,SociStudy
Cultural Studies,French,Beginner,Forensic Science for Beginners,Cryptocurrency Basics,MateriMagic
Economics,Chinese,Advanced,Communication Studies for Beginners,Art History Journey,Fashionista
Photography,French,Beginner,Advanced Philosophy Concepts,Developmental Psychology Workshop,BizBoost
Robotics,Spanish,Beginner,Advanced English Language Concepts,Cybersecurity Essentials,GraphiGenius
Business Administration,Spanish,Intermediate,Ethics for Beginners,Cryptocurrency Basics,OpMan
Psychology,French,Advanced,Introduction to Information Technology,Global Geography Tour,ArtHistoria
Game Design,German,Intermediate,Advanced Engineering Concepts,Materials Science Lab,ConflictCoach
Zoology,French,Beginner,Advanced Machine Learning Concepts,Nanotechnology Explorations,Histopedia
Civil Engineering,French,Advanced,Robotics for Beginners,Nanotechnology Explorations,EngLang
Entrepreneurship,Russian,Beginner,Introduction to Anthropology,Cognitive Science Explorations,RenewTech
Paleontology,Chinese,Beginner,Chemistry Essentials,Mechanical Engineering Workshop,BizBoost
Art History,English,Advanced,Introduction to Civil Engineering,Biology Basics,ForenTech
Literature,French,Advanced,Industrial Psychology Essentials,Cognitive Science Explorations,GeoGuru
Music Composition,English,Beginner,Quantum Mechanics Essentials,Cybersecurity Essentials,AeroEdu
Conflict Resolution,Russian,Beginner,Mastering Political Science,Digital Marketing Strategies,StatMaster
Developmental Psychology,Spanish,Advanced,Linguistics for Beginners,Statistical Analysis Workshop,EconEase
History,English,Beginner,Introduction to History,Literary Classics Review,PhysicsExplorer
Genetics,English,Beginner,Photography for Beginners,Global Geography Tour,Fashionista
Philosophy,English,Advanced,Advanced Anthropology Concepts,Linguistics Lab,GameTactics
Social Media Management,Russian,Advanced,Introduction to History,Business Administration Bootcamp,PhysicsExplorer
Civil Engineering,Chinese,Intermediate,Introduction to Entrepreneurship,Graphic Design Masterclass,PsychPal
Mathematics,Russian,Intermediate,Biology Essentials,Choreography Masterclass,GeoGuru
Chemistry,Russian,Intermediate,Introduction to Wilderness Survival,World History Explained,ChemConnect
Geology,German,Intermediate,Advanced Data Science Concepts,Philosophical Thinking,RenewTech
Geography,French,Intermediate,Introduction to International Relations,Game Design Workshop,EthicEase
Anthropology,Russian,Advanced,Mastering Literature,Graphic Design Masterclass,PhysicsExplorer
Robotics,English,Beginner,Advanced Software Engineering Concepts,Digital Marketing Strategies,BioBlitz
Religious Studies,German,Advanced,Cryptocurrency Trading for Beginners,Literary Classics Review,BioBlitz
Cryptocurrency Trading,Russian,Beginner,Advanced Aerospace Engineering Concepts,Physics Fundamentals,DevPsych
Zoology,German,Beginner,Urban Planning Essentials,Electrical Engineering Essentials,DigitalMark
Religious Studies,English,Advanced,Mastering Wilderness Survival,Game Theory Fundamentals,ElectriEdu
Medicine,English,Beginner,Advanced Paleontology Concepts,Forensic Science Fundamentals,NanoNexus
Conflict Resolution,Russian,Intermediate,Introduction to Law,Astronomy Adventures,EnviroEdu
Cognitive Science,Spanish,Intermediate,Culinary Arts for Beginners,Fashion Design Studio,RenewTech
Fashion Design,German,Intermediate,Mastering Art History,Chemistry Essentials,LitLearn
Forensic Science,Spanish,Intermediate,Biology for Beginners,Linguistics Lab,SociStudy
Macroeconomics,English,Advanced,Advanced Graphic Design Concepts,Cognitive Science Explorations,PsychPal
Geology,German,Intermediate,Mastering Economics,Sociology Insights,PhysicsExplorer
International Relations,French,Beginner,Advanced Paleontology Concepts,Geology Discovery,ChoreoCraft
Religious Studies,Spanish,Intermediate,Mastering Mathematics,Art History Journey,DigitalMark
Political Science,French,Intermediate,Advanced Brand Management Concepts,Game Theory Fundamentals,AeroEdu
Social Media Management,French,Advanced,Introduction to Education,Physics Fundamentals,GameGenius
Developmental Psychology,Spanish,Intermediate,Advanced Machine Learning Concepts,Linguistics Lab,ChoreoCraft
Astronomy,English,Beginner,Advanced Brand Management Concepts,Fashion Design Studio,DevPsych
Development Studies,Chinese,Beginner,Introduction to Music Theory,Math Mastery,CultAnthro
Mechanical Engineering,German,Beginner,Machine Learning Essentials,Game Design Workshop,EthicEase
Biochemistry,Chinese,Intermediate,Advanced Developmental Psychology Concepts,Art History Journey,StatMaster
Social Media Management,Spanish,Beginner,Mastering Marketing,Fashion Design Studio,PsychPal
Statistics,German,Advanced,Political Science Essentials,Ethical Dilemmas Seminar,CryptoCraze
Industrial Psychology,Russian,Advanced,Introduction to Statistics,Literary Classics Review,EngLang
Marketing,English,Beginner,Mastering Astronomy,Art History Journey,MusicMagic
Culinary Arts,English,Advanced,Mastering Music Theory,Biochemistry Bootcamp,GeoExplorer
Supply Chain Management,French,Beginner,Advanced Film Studies Concepts,Fashion Design Studio,ArtHistoria
Social Media Management,English,Advanced,Advanced Marketing Concepts,Nanotechnology Explorations,DigitalMark
Anthropology,German,Intermediate,Linguistics for Beginners,Math Mastery,CognoCraft
Mechanical Engineering,Russian,Intermediate,Advanced Macroeconomics Concepts,Ethical Dilemmas Seminar,SociStudy
Cybersecurity,English,Advanced,Introduction to History,Physics Fundamentals,UrbanPlanner
Film Studies,French,Beginner,Geology Essentials,Astronomy Adventures,RenewTech
Film Studies,Chinese,Advanced,Mastering Photography,Business Administration Bootcamp,Histopedia
Macroeconomics,Chinese,Intermediate,Advanced International Relations Concepts,Philosophical Thinking,AeroEdu
Public Relations,French,Advanced,Advanced Civil Engineering Concepts,Linguistics Lab,UrbanPlanner
Forensic Science,German,Intermediate,Paleontology Essentials,Materials Science Lab,GameTactics
Literature,English,Advanced,Introduction to Cryptocurrency,Game Design Workshop,AgriApp
Psychology,German,Intermediate,Advanced Marine Biology Concepts,Game Design Workshop,NanoNexus
Cognitive Science,Spanish,Beginner,Urban Planning Essentials,Cognitive Science Explorations,LitLearn
Biochemistry,Russian,Advanced,Marketing for Beginners,Sociology Insights,PhysicsExplorer
Photography,English,Intermediate,Advanced Music Composition Concepts,Physics Fundamentals,AgriApp
Cryptography,English,Advanced,Data Science for Beginners,Music Composition Techniques,PhiloForum
Religious Studies,Russian,Intermediate,Mastering Industrial Psychology,Urban Planning Insights,CodeCraft
Physics,Chinese,Intermediate,Introduction to Materials Science,Conflict Resolution Strategies,BioBlitz
Marketing,Chinese,Advanced,Mastering Economics,Forensic Science Fundamentals,RenewTech
Geology,Chinese,Beginner,Advanced Economics Concepts,Nanotechnology Explorations,RenewTech
Interior Design,Spanish,Beginner,Introduction to Interior Design,Environmental Science Explorations,MateriMagic
Genetics,Spanish,Intermediate,Advanced Philosophy Concepts,Graphic Design Masterclass,ChemConnect
Culinary Arts,Spanish,Intermediate,Artificial Intelligence for Beginners,Nanotechnology Explorations,RenewTech
Engineering,French,Intermediate,Mastering Marine Biology,Literary Classics Review,BizBoost
Cryptocurrency Trading,French,Advanced,Mastering Film Studies,Biochemistry Bootcamp,PsychPal
Linguistics,English,Intermediate,Developmental Psychology Essentials,Literary Classics Review,NanoNexus
Quantum Mechanics,German,Advanced,Communication Studies Essentials,Forensic Science Fundamentals,ElectriEdu
Game Theory,Chinese,Intermediate,Zoology for Beginners,Cultural Anthropology Guide,StatMaster
Psychology,German,Beginner,Mastering English Language,Cybersecurity Essentials,LinguaLab
Cognitive Science,French,Advanced,Introduction to Social Media Management,Music Composition Techniques,MusicMagic
Choreography,Russian,Intermediate,Mastering Conflict Resolution,Pharmacology Insights,BioBuddy
Theater Arts,German,Advanced,History for Beginners,Neurobiology Essentials,EnviroEdu
Geography,French,Advanced,Introduction to Robotics,Business Administration Bootcamp,EconEase
Sociology,French,Beginner,Conflict Resolution for Beginners,Cultural Anthropology Guide,ArtHistoria
Game Theory,Chinese,Intermediate,Advanced Economics Concepts,Cognitive Science Explorations,Histopedia
Neurobiology,French,Advanced,Introduction to Culinary Arts,Art History Journey,BizBoost
Forensic Science,Chinese,Intermediate,Advanced Law Concepts,Physics Fundamentals,NanoNexus
Nanotechnology,English,Intermediate,Biochemistry Essentials,Game Theory Fundamentals,Histopedia
Public Relations,German,Intermediate,History for Beginners,Biochemistry Bootcamp,AgriApp
Culinary Arts,Chinese,Beginner,Geography Essentials,Game Theory Fundamentals,ArtHistoria
Photography,French,Intermediate,Ethics for Beginners,Sociology Insights,CodeCraft
Philosophy,Russian,Advanced,Introduction to Statistics,Environmental Science Explorations,LinguaLab
Renewable Energy,Spanish,Advanced,Music Theory for Beginners,Nanotechnology Explorations,GraphiGenius
Public Health,German,Advanced,Medicine Essentials,Ethical Dilemmas Seminar,ForenTech
Biochemistry,Spanish,Intermediate,Introduction to Fashion Design,Game Design Workshop,CultAnthro
Cognitive Science,French,Advanced,Mastering Agriculture,Game Theory Fundamentals,GeoExplorer
Philosophy,English,Intermediate,Civil Engineering Essentials,Mechanical Engineering Workshop,EconEase
Development Studies,Chinese,Beginner,Mastering Music Composition,Linguistics Lab,LitLearn
Human Rights,French,Beginner,Statistics Essentials,Electrical Engineering Essentials,EnviroEdu
Linguistic Anthropology,English,Intermediate,Music Theory Essentials,Political Science Crash Course,GraphiGenius
Forensic Science,Spanish,Intermediate,Mastering Information Technology,Sociology Insights,PhysicsExplorer
Machine Learning,German,Advanced,Advanced Music Composition Concepts,Art History Journey,MusicMagic
Genetics,Russian,Beginner,Renewable Energy Essentials,Biology Basics,MusicMagic
Supply Chain Management,Russian,Advanced,Photography Essentials,Coding for Beginners,DevPsych
Nanotechnology,German,Intermediate,History for Beginners,Ethical Dilemmas Seminar,PoliSciPro
Geography,English,Beginner,Advanced Macroeconomics Concepts,Digital Marketing Strategies,BioBuddy
Developmental Psychology,French,Intermediate,Mastering Industrial Psychology,Nanotechnology Explorations,PsychPal
Pharmacology,Russian,Advanced,Mastering Music Theory,Civil Engineering Principles,Fashionista
Game Theory,Spanish,Intermediate,Advanced Development Studies Concepts,Psychology 101,MusicMagic
Organizational Behavior,Spanish,Intermediate,Mastering Engineering,Cognitive Science Explorations,CultAnthro
Genetics,Russian,Intermediate,Introduction to Economics,Philosophical Thinking,EngLang
Photography,Russian,Intermediate,Advanced Civil Engineering Concepts,Literary Classics Review,CivilEssence
Cognitive Science,French,Intermediate,Mastering Civil Engineering,Music Composition Techniques,CyberSecPro
Interior Design,Russian,Intermediate,Introduction to Development Studies,Astronomy Adventures,CyberSecPro
Anthropology,English,Advanced,Urban Planning Essentials,Cultural Anthropology Guide,PhysicsExplorer
Pharmacology,Spanish,Beginner,Biology for Beginners,Renewable Energy Solutions,CyberSecPro
Philosophy,French,Beginner,Advanced Computer Science Concepts,Philosophical Thinking,AstroAdvent
Theater Arts,German,Advanced,Introduction to Artificial Intelligence,Cryptocurrency Basics,Fashionista
Biology,Chinese,Advanced,Electrical Engineering Essentials,Physics Fundamentals,LitLearn
Geology,Spanish,Advanced,History for Beginners,Neurobiology Essentials,MathGenius
Social Media Management,Chinese,Advanced,Introduction to Supply Chain Management,Game Design Workshop,EngLang
Philosophy,Russian,Beginner,Mastering Macroeconomics,Business Administration Bootcamp,BioBuddy
Astronomy,German,Intermediate,Advanced Genetics Concepts,Business Administration Bootcamp,ConflictCoach
Public Health,German,Intermediate,Photography Essentials,Psychology 101,CryptoCraze
Urban Planning,Spanish,Beginner,Mastering Cryptocurrency Trading,Choreography Masterclass,EngLang
Information Technology,English,Beginner,Public Relations for Beginners,Math Mastery,ChoreoCraft
Materials Science,French,Intermediate,Wilderness Survival for Beginners,Math Mastery,ChoreoCraft
Business Administration,Chinese,Advanced,Mastering Political Science,Renewable Energy Solutions,PharmaPedia
Sociology,Chinese,Intermediate,Introduction to Linguistics,Math Mastery,PoliSciPro
Mechanical Engineering,Spanish,Advanced,Introduction to Marketing,Forensic Science Fundamentals,OpMan
Geology,French,Advanced,Advanced Software Engineering Concepts,Sociology Insights,PhiloForum
Religious Studies,Russian,Intermediate,Advanced Philosophy Concepts,Civil Engineering Principles,ElectriEdu
Urban Planning,German,Intermediate,Art History Essentials,Ethical Dilemmas Seminar,GeoGuru
Cryptography,English,Advanced,Introduction to Genetics,Music Composition Techniques,OpMan
Public Relations,Spanish,Intermediate,Religious Studies for Beginners,Game Theory Fundamentals,EnviroEdu
Deep Learning,German,Intermediate,Advanced Agriculture Concepts,World History Explained,SociStudy
Mechanical Engineering,German,Advanced,Mastering Political Science,Psychology 101,AstroAdvent
Nutrition,Chinese,Intermediate,Information Technology Essentials,Game Theory Fundamentals,AgriApp
Cognitive Science,Chinese,Advanced,Mastering English Language,Sociology Insights,BizBoost
Brand Management,Chinese,Intermediate,Advanced Marketing Concepts,Civil Engineering Principles,MechMaster
Art History,English,Advanced,Introduction to Robotics,Economic Principles,ArtHistoria
Cryptocurrency Trading,Chinese,Intermediate,Introduction to Literature,Business Administration Bootcamp,AstroAdvent
Data Science,German,Advanced,Advanced Macroeconomics Concepts,Chemistry Essentials,CivilEssence
Economics,Spanish,Advanced,Medicine Essentials,Supply Chain Management Workshop,SociStudy
Photography,Russian,Intermediate,Mastering Education,Game Design Workshop,LitLearn
Social Media Management,Russian,Beginner,Advanced Statistics Concepts,Statistical Analysis Workshop,PhysicsExplorer
Religious Studies,Chinese,Beginner,Game Design for Beginners,Astronomy Adventures,ChoreoCraft
Industrial Psychology,French,Advanced,Architecture Essentials,Ethical Dilemmas Seminar,NeuroNest
Software Engineering,French,Beginner,Mastering Communication Studies,Fashion Design Studio,BizBoost
Data Science,French,Advanced,Mastering Fashion Design,Pharmacology Insights,PhiloForum
Cognitive Science,French,Advanced,Introduction to Urban Planning,Sociology Insights,RenewTech
Chemistry,Russian,Advanced,Advanced Sociology Concepts,Graphic Design Masterclass,GameTactics
Marketing,German,Advanced,Advanced Game Theory Concepts,Civil Engineering Principles,AeroEdu
Microeconomics,German,Beginner,Advanced Music Composition Concepts,World History Explained,ChemConnect
Zoology,Russian,Beginner,Mastering Organizational Behavior,Choreography Masterclass,LinguaLab
Human Resources Management,Russian,Intermediate,Introduction to Sports Science,English Grammar Workshop,ArtHistoria
Civil Engineering,French,Beginner,Psychology for Beginners,Cultural Anthropology Guide,EconEase
Urban Planning,German,Intermediate,Nanotechnology for Beginners,Chemistry Essentials,MathGenius
Political Science,Chinese,Advanced,Art History Essentials,Statistical Analysis Workshop,AstroAdvent
Artificial Intelligence,Russian,Intermediate,Mastering Marine Biology,Cultural Anthropology Guide,MateriMagic
Film Studies,English,Intermediate,Advanced Economics Concepts,Statistical Analysis Workshop,GeoExplorer
Biology,Russian,Intermediate,Advanced Anthropology Concepts,Forensic Science Fundamentals,ForenTech
Anthropology,Spanish,Intermediate,Mastering Anthropology,Neurobiology Essentials,OpMan
Social Media Management,Spanish,Beginner,Art History Essentials,Developmental Psychology Workshop,CyberSecPro
Developmental Psychology,German,Intermediate,Zoology for Beginners,Urban Planning Insights,CognoCraft
Cultural Studies,German,Beginner,Introduction to Marketing,Philosophical Thinking,PhiloForum
Sports Science,Russian,Beginner,Advanced Economics Concepts,Linguistics Lab,CryptoCraze
History,German,Beginner,Advanced Human Resources Management Concepts,Chemistry Essentials,GraphiGenius
Photography,Chinese,Advanced,Introduction to Biology,Game Design Workshop,CodeCraft
Engineering,Russian,Intermediate,Mastering Political Science,Game Design Workshop,MechMaster
Choreography,French,Intermediate,Introduction to Microeconomics,Materials Science Lab,CivilEssence
Culinary Arts,Spanish,Intermediate,Journalism for Beginners,Civil Engineering Principles,SociStudy
Photography,French,Advanced,Biochemistry Essentials,Cryptocurrency Basics,PsychPal
Neurobiology,English,Beginner,Advanced Engineering Concepts,Mechanical Engineering Workshop,CultAnthro
Industrial Psychology,Spanish,Beginner,Advanced Sports Science Concepts,Biochemistry Bootcamp,MechMaster
Business Administration,Russian,Beginner,Mastering Communication Studies,Conflict Resolution Strategies,ForenTech
Fashion Design,Spanish,Advanced,Introduction to Linguistics,Sociology Insights,OpMan
Anthropology,Russian,Beginner,Mastering Urban Planning,Cultural Anthropology Guide,GeoGuru
Nanotechnology,Russian,Beginner,Introduction to Brand Management,Literary Classics Review,UrbanPlanner
Agriculture,French,Beginner,Information Technology Essentials,Political Science Crash Course,ElectriEdu
Astronomy,Russian,Intermediate,Industrial Psychology Essentials,Neurobiology Essentials,SupplySense
Environmental Science,Spanish,Beginner,Advanced Photography Concepts,Supply Chain Management Workshop,EthicEase
Theater Arts,Russian,Advanced,Mastering Paleontology,Renewable Energy Solutions,ArtHistoria
Public Relations,Russian,Intermediate,Marketing for Beginners,Political Science Crash Course,LinguaLab
Statistics,Chinese,Beginner,Public Health Essentials,Environmental Science Explorations,LinguaLab
Development Studies,Spanish,Advanced,Introduction to Law,Electrical Engineering Essentials,EthicEase
Public Health,Russian,Intermediate,Introduction to Literature,Art History Journey,GeoGuru
Information Technology,Russian,Intermediate,Introduction to Paleontology,Environmental Science Explorations,BizBoost
Deep Learning,Chinese,Beginner,Mastering Cognitive Science,Supply Chain Management Workshop,ChoreoCraft
Game Theory,Chinese,Intermediate,Nanotechnology for Beginners,Mechanical Engineering Workshop,SupplySense
Cryptocurrency,Chinese,Beginner,Mastering English Language,Math Mastery,MechMaster
Industrial Psychology,Chinese,Beginner,Biology for Beginners,Game Design Workshop,OpMan
Environmental Science,French,Advanced,Mastering Medicine,Renewable Energy Solutions,DigitalMark
Information Technology,Russian,Beginner,Introduction to Forensic Science,Conflict Resolution Strategies,CodeCraft
Sports Science,French,Beginner,Anthropology for Beginners,Civil Engineering Principles,GameGenius
Developmental Psychology,German,Advanced,Introduction to Photography,Civil Engineering Principles,CognoCraft
Linguistics,Chinese,Beginner,Advanced Development Studies Concepts,Developmental Psychology Workshop,RenewTech
Linguistic Anthropology,German,Advanced,Introduction to Information Technology,Supply Chain Management Workshop,NeuroNest
Economics,English,Beginner,Cultural Studies for Beginners,Graphic Design Masterclass,ForenTech
Fashion Design,Chinese,Intermediate,Mastering Cognitive Science,Physics Fundamentals,CryptoCraze
Economics,French,Intermediate,Mastering Philosophy,Art History Journey,OpMan
Data Science,French,Advanced,Biochemistry for Beginners,Conflict Resolution Strategies,EthicEase
Graphic Design,Spanish,Intermediate,Introduction to Interior Design,Global Geography Tour,DevPsych
Cybersecurity,English,Intermediate,Advanced Conflict Resolution Concepts,Digital Marketing Strategies,RenewTech
Human Rights,Russian,Advanced,Introduction to Choreography,Agricultural Innovations,MusicMagic
Conflict Resolution,Chinese,Advanced,Mastering Physics,Political Science Crash Course,EngLang
Materials Science,French,Advanced,Advanced Social Media Management Concepts,Sociology Insights,ArtHistoria
Medicine,Chinese,Advanced,Introduction to Human Resources Management,Astronomy Adventures,GameGenius
Development Studies,French,Intermediate,History for Beginners,Linguistics Lab,AgriApp
Religious Studies,French,Intermediate,Introduction to Artificial Intelligence,Philosophical Thinking,PharmaPedia
Education,German,Advanced,Film Studies Essentials,Renewable Energy Solutions,ChemConnect
Information Technology,Spanish,Advanced,Architecture Essentials,Game Theory Fundamentals,CivilEssence
Biochemistry,Spanish,Advanced,Industrial Psychology Essentials,Literary Classics Review,EngLang
Cybersecurity,English,Beginner,Introduction to Urban Planning,Cognitive Science Explorations,CivilEssence
Cryptography,French,Intermediate,Electrical Engineering Essentials,Psychology 101,MathGenius
Business Administration,Spanish,Beginner,Wilderness Survival for Beginners,Political Science Crash Course,EconEase
Robotics,Chinese,Intermediate,Cryptocurrency Trading for Beginners,Music Composition Techniques,ChemConnect
Developmental Psychology,Russian,Advanced,Biochemistry Essentials,Electrical Engineering Essentials,CognoCraft
Biochemistry,German,Beginner,Advanced Behavioral Economics Concepts,Civil Engineering Principles,StatMaster
Ethics,German,Advanced,Introduction to Developmental Psychology,Digital Marketing Strategies,CodeCraft
Public Health,English,Advanced,Introduction to Cognitive Science,Coding for Beginners,CryptoCraze
Quantum Mechanics,Chinese,Advanced,Mastering Environmental Science,Nanotechnology Explorations,MathGenius
Astronomy,German,Intermediate,Zoology for Beginners,Business Administration Bootcamp,GraphiGenius
Game Theory,French,Intermediate,Data Science for Beginners,Game Theory Fundamentals,MechMaster
Marine Biology,French,Beginner,Astronomy for Beginners,Chemistry Essentials,CryptoCraze
Marine Biology,Russian,Advanced,Advanced Marketing Concepts,Urban Planning Insights,DevPsych
Cultural Studies,German,Beginner,Mastering Statistics,Conflict Resolution Strategies,EthicEase
Quantum Computing,Russian,Advanced,Film Studies Essentials,Urban Planning Insights,StatMaster
Quantum Mechanics,English,Intermediate,Advanced Computer Science Concepts,Business Administration Bootcamp,ChemConnect
Game Theory,German,Beginner,Mastering Forensic Science,Choreography Masterclass,MusicMagic
Education,French,Beginner,Mastering Music Theory,Coding for Beginners,DigitalMark
Interior Design,German,Beginner,Materials Science for Beginners,Political Science Crash Course,MateriMagic
Quantum Mechanics,French,Intermediate,Data Science for Beginners,Nanotechnology Explorations,PoliSciPro
Architecture,French,Intermediate,Mastering Fashion Design,Ethical Dilemmas Seminar,CultAnthro
Entrepreneurship,Spanish,Intermediate,Introduction to Anthropology,Coding for Beginners,MateriMagic
Forensic Science,German,Beginner,Introduction to Cryptocurrency,Agricultural Innovations,CyberSecPro
Choreography,English,Advanced,Forensic Science for Beginners,Math Mastery,MateriMagic
Architecture,Chinese,Intermediate,Introduction to Fashion Design,Renewable Energy Solutions,PhiloForum
Industrial Psychology,Russian,Advanced,Introduction to Artificial Intelligence,Philosophical Thinking,BizBoost
Zoology,Russian,Advanced,Paleontology for Beginners,Biochemistry Bootcamp,BioBuddy
Supply Chain Management,Russian,Advanced,Materials Science for Beginners,Sociology Insights,CivilEssence
Genetics,Spanish,Advanced,Mastering Photography,Mechanical Engineering Workshop,ElectriEdu
Biology,French,Beginner,Data Science Essentials,Aerospace Engineering Explained,MusicMagic
Law,Spanish,Intermediate,Mastering Geology,Neurobiology Essentials,ArtHistoria
Mechanical Engineering,Russian,Advanced,Mastering Chemistry,Aerospace Engineering Explained,GameTactics
Human Resources Management,French,Intermediate,Introduction to Information Technology,Global Geography Tour,PoliSciPro
Anthropology,Russian,Beginner,Advanced Law Concepts,Renewable Energy Solutions,GameGenius
Cryptocurrency,English,Intermediate,Mastering Social Media Management,Pharmacology Insights,BioBuddy
Economics,French,Advanced,Entrepreneurship Essentials,Political Science Crash Course,BizBoost
Medicine,Spanish,Intermediate,Mastering Environmental Science,Forensic Science Fundamentals,MathGenius
Marketing,English,Beginner,Civil Engineering for Beginners,Neurobiology Essentials,DevPsych
Human Resources Management,Spanish,Intermediate,Mastering Physics,Chemistry Essentials,ChoreoCraft
Software Engineering,Russian,Advanced,Cultural Studies for Beginners,Geology Discovery,MathGenius
Conflict Resolution,Chinese,Beginner,Advanced Marketing Concepts,Renewable Energy Solutions,PhysicsExplorer
English Language,Chinese,Intermediate,Advanced Graphic Design Concepts,Music Composition Techniques,UrbanPlanner
Anthropology,Russian,Advanced,Business Administration for Beginners,Physics Fundamentals,CultAnthro
Religious Studies,German,Advanced,Introduction to Medicine,Environmental Science Explorations,CodeCraft
Marketing,English,Advanced,Art History for Beginners,Graphic Design Masterclass,AstroAdvent
Behavioral Economics,German,Intermediate,Mechanical Engineering Essentials,Cultural Anthropology Guide,SupplySense
Nutrition,Spanish,Intermediate,Genetics for Beginners,Cryptocurrency Basics,ArtHistoria
Literature,German,Beginner,Engineering for Beginners,Graphic Design Masterclass,BioBlitz
Wilderness Survival,Chinese,Intermediate,Advanced Cultural Studies Concepts,Cybersecurity Essentials,GraphiGenius
Materials Science,Spanish,Beginner,Statistics Essentials,Civil Engineering Principles,MusicMagic
Literature,French,Advanced,Geology Essentials,Agricultural Innovations,OpMan
Deep Learning,Russian,Intermediate,Machine Learning Essentials,Graphic Design Masterclass,MateriMagic
Philosophy,Russian,Advanced,Business Administration for Beginners,Biology Basics,Histopedia
Software Engineering,Spanish,Advanced,Macroeconomics for Beginners,Statistical Analysis Workshop,CryptoCraze
Photography,Russian,Intermediate,Anthropology for Beginners,Urban Planning Insights,MechMaster
Music Theory,French,Advanced,Mastering Wilderness Survival,Cryptocurrency Basics,GraphiGenius
Cryptocurrency,French,Beginner,Quantum Mechanics Essentials,Game Theory Fundamentals,MusicMagic
Marine Biology,French,Intermediate,Mastering Sociology,Math Mastery,SociStudy
Software Engineering,French,Beginner,Mechanical Engineering Essentials,Cybersecurity Essentials,CodeCraft
Deep Learning,Russian,Intermediate,Advanced Computer Science Concepts,Nanotechnology Explorations,LinguaLab
Graphic Design,German,Advanced,Introduction to Supply Chain Management,Political Science Crash Course,EnviroEdu
Medicine,English,Beginner,Mastering Statistics,Political Science Crash Course,EconEase
Geography,German,Advanced,Data Science Essentials,Aerospace Engineering Explained,BizBoost
Engineering,French,Beginner,Communication Studies Essentials,English Grammar Workshop,LinguaLab
Ethics,Chinese,Intermediate,Advanced Human Resources Management Concepts,Linguistics Lab,GeoExplorer
Civil Engineering,German,Intermediate,Civil Engineering Essentials,Materials Science Lab,GeoExplorer
Architecture,English,Intermediate,Culinary Arts for Beginners,Psychology 101,PsychPal
Public Relations,English,Advanced,Mastering Philosophy,Coding for Beginners,UrbanPlanner
Zoology,English,Intermediate,Quantum Mechanics Essentials,Business Administration Bootcamp,Histopedia
Astronomy,Spanish,Beginner,Mastering Urban Planning,Graphic Design Masterclass,Histopedia
Mathematics,English,Intermediate,Astronomy Essentials,Renewable Energy Solutions,AeroEdu
Sports Science,Russian,Beginner,Industrial Psychology Essentials,Operations Management Mastery,EthicEase
Game Theory,French,Advanced,Advanced Agriculture Concepts,Economic Principles,CyberSecPro
Sports Science,Spanish,Advanced,Advanced Environmental Science Concepts,Conflict Resolution Strategies,CyberSecPro
Business Administration,Chinese,Intermediate,Mastering Economics,Forensic Science Fundamentals,MusicMagic
Environmental Science,Chinese,Advanced,Electrical Engineering Essentials,Nanotechnology Explorations,CodeCraft
Medicine,Spanish,Beginner,Introduction to Forensic Science,Psychology 101,StatMaster
Brand Management,Chinese,Intermediate,Mastering Communication Studies,Digital Marketing Strategies,GameTactics
Quantum Computing,Spanish,Beginner,Geography Essentials,Astronomy Adventures,MateriMagic
Human Resources Management,Chinese,Intermediate,History for Beginners,Ethical Dilemmas Seminar,PsychPal
Journalism,Chinese,Advanced,Advanced Paleontology Concepts,Sociology Insights,EthicEase
Business Administration,Chinese,Advanced,Advanced Agriculture Concepts,Business Administration Bootcamp,BioBlitz
Marine Biology,French,Intermediate,Mastering Ethics,Urban Planning Insights,AeroEdu
Sports Science,Spanish,Beginner,Advanced History Concepts,Global Geography Tour,PharmaPedia
Marketing,Spanish,Advanced,History Essentials,Literary Classics Review,PoliSciPro
Zoology,German,Beginner,Mastering Sociology,World History Explained,GeoExplorer
Artificial Intelligence,Chinese,Intermediate,Urban Planning Essentials,Cybersecurity Essentials,DigitalMark
Linguistics,English,Advanced,Advanced Machine Learning Concepts,Philosophical Thinking,CryptoCraze
Linguistic Anthropology,German,Intermediate,Mastering Machine Learning,Supply Chain Management Workshop,ChoreoCraft
Agriculture,German,Beginner,Introduction to Photography,Digital Marketing Strategies,GameGenius
Biochemistry,Russian,Advanced,Advanced Interior Design Concepts,Conflict Resolution Strategies,ChoreoCraft
Medicine,Chinese,Intermediate,Advanced Game Theory Concepts,Geology Discovery,GeoExplorer
Microeconomics,Russian,Beginner,Astronomy for Beginners,Global Geography Tour,BizBoost
Software Engineering,English,Intermediate,Advanced Paleontology Concepts,Ethical Dilemmas Seminar,AeroEdu
Cryptography,English,Advanced,Mastering Brand Management,Coding for Beginners,NanoNexus
Paleontology,English,Beginner,Mastering Biochemistry,Sociology Insights,GraphiGenius
Aerospace Engineering,Spanish,Intermediate,Mastering Electrical Engineering,Pharmacology Insights,UrbanPlanner
Art History,Spanish,Intermediate,Mastering Organizational Behavior,Pharmacology Insights,ConflictCoach
International Relations,Spanish,Intermediate,Art History Essentials,Coding for Beginners,MathGenius
Political Science,French,Intermediate,Game Design Essentials,Nanotechnology Explorations,MateriMagic
Fashion Design,English,Advanced,Mastering Urban Planning,Game Design Workshop,LinguaLab
Social Media Management,Spanish,Advanced,Microeconomics Essentials,Statistical Analysis Workshop,BioBuddy
Biochemistry,Russian,Beginner,Mastering Marine Biology,Statistical Analysis Workshop,MusicMagic
Biochemistry,French,Advanced,Conflict Resolution for Beginners,Economic Principles,PsychPal
Sociology,Chinese,Advanced,Civil Engineering Essentials,Neurobiology Essentials,GameTactics
Photography,Russian,Intermediate,Public Relations Essentials,Mechanical Engineering Workshop,CivilEssence
Architecture,French,Intermediate,Advanced Music Composition Concepts,World History Explained,ArtHistoria
Law,French,Intermediate,Human Resources Management Essentials,Cryptocurrency Basics,CyberSecPro
Linguistics,French,Beginner,Mastering Psychology,Agricultural Innovations,MateriMagic
Developmental Psychology,Spanish,Intermediate,Electrical Engineering Essentials,Sociology Insights,MateriMagic
Philosophy,Chinese,Beginner,Advanced Sociology Concepts,Electrical Engineering Essentials,StatMaster
Information Technology,German,Advanced,Mastering Biochemistry,Music Composition Techniques,Histopedia
Cybersecurity,Chinese,Advanced,Photography for Beginners,Philosophical Thinking,Fashionista
Architecture,Spanish,Intermediate,Introduction to Wilderness Survival,Game Theory Fundamentals,GeoExplorer
Urban Planning,Chinese,Beginner,Introduction to Linguistics,Cognitive Science Explorations,ConflictCoach
Choreography,English,Advanced,Introduction to Sports Science,Agricultural Innovations,OpMan
Cryptography,German,Intermediate,Forensic Science for Beginners,Agricultural Innovations,RenewTech
Art History,English,Advanced,Introduction to Biology,Physics Fundamentals,CryptoCraze
Engineering,French,Intermediate,Introduction to History,Statistical Analysis Workshop,CivilEssence
Environmental Science,Chinese,Beginner,Advanced Genetics Concepts,Physics Fundamentals,GeoExplorer
Chemistry,Russian,Advanced,Advanced Sociology Concepts,Economic Principles,PsychPal
Cryptocurrency,Chinese,Advanced,Medicine Essentials,Environmental Science Explorations,ElectriEdu
Development Studies,English,Beginner,Biochemistry for Beginners,Materials Science Lab,CultAnthro
Computer Science,Chinese,Intermediate,Mastering Economics,Cryptocurrency Basics,OpMan
Cryptocurrency,Spanish,Intermediate,Introduction to Genetics,Physics Fundamentals,MusicMagic
Developmental Psychology,Chinese,Beginner,Advanced Deep Learning Concepts,World History Explained,StatMaster
Education,Russian,Intermediate,Introduction to Neurobiology,Chemistry Essentials,OpMan
Physics,Spanish,Intermediate,Mastering Political Science,Cryptocurrency Basics,PoliSciPro
Theater Arts,French,Beginner,Advanced Photography Concepts,Renewable Energy Solutions,DevPsych
Artificial Intelligence,German,Beginner,Introduction to Literature,Supply Chain Management Workshop,MechMaster
Cognitive Science,Spanish,Advanced,Advanced Chemistry Concepts,Conflict Resolution Strategies,GraphiGenius
Marketing,Spanish,Advanced,Medicine for Beginners,World History Explained,CyberSecPro
Sports Science,English,Beginner,Civil Engineering for Beginners,Agricultural Innovations,Fashionista
Public Relations,Spanish,Advanced,Mastering Developmental Psychology,Philosophical Thinking,OpMan
Wilderness Survival,French,Advanced,Introduction to Organizational Behavior,Geology Discovery,UrbanPlanner
Economics,German,Beginner,Introduction to Human Resources Management,Ethical Dilemmas Seminar,NeuroNest
Conflict Resolution,French,Beginner,Mastering Film Studies,Political Science Crash Course,PharmaPedia
Statistics,Chinese,Intermediate,Introduction to Fashion Design,Aerospace Engineering Explained,ChemConnect
Ethics,French,Intermediate,Introduction to Physics,Cognitive Science Explorations,NeuroNest
Geology,English,Beginner,Introduction to Information Technology,Biochemistry Bootcamp,NanoNexus
Information Technology,Chinese,Advanced,Advanced Cryptography Concepts,Math Mastery,LitLearn
Physics,French,Beginner,Introduction to History,Civil Engineering Principles,PhysicsExplorer
Education,Russian,Intermediate,Mastering Mathematics,Electrical Engineering Essentials,DevPsych
Journalism,English,Intermediate,Mastering Microeconomics,Developmental Psychology Workshop,PsychPal
Electrical Engineering,Russian,Advanced,Advanced Paleontology Concepts,Materials Science Lab,MechMaster
Entrepreneurship,French,Intermediate,Urban Planning Essentials,Biochemistry Bootcamp,CodeCraft
Game Design,German,Advanced,Mastering Environmental Science,Pharmacology Insights,ChoreoCraft
Physics,Russian,Beginner,Introduction to Linguistic Anthropology,Ethical Dilemmas Seminar,PharmaPedia
Medicine,Russian,Advanced,Mastering Information Technology,Linguistics Lab,NeuroNest
Psychology,German,Beginner,Deep Learning Essentials,Pharmacology Insights,GeoExplorer
Urban Planning,German,Advanced,Supply Chain Management for Beginners,Civil Engineering Principles,PhysicsExplorer
Cognitive Science,English,Advanced,Cognitive Science Essentials,Mechanical Engineering Workshop,GeoExplorer
Agriculture,Spanish,Advanced,Deep Learning Essentials,Biochemistry Bootcamp,GeoGuru
Journalism,English,Intermediate,Aerospace Engineering for Beginners,Cultural Anthropology Guide,DigitalMark
Economics,English,Intermediate,Mastering Environmental Science,Pharmacology Insights,ConflictCoach
Macroeconomics,English,Advanced,Mastering Economics,Mechanical Engineering Workshop,LinguaLab
Game Theory,Russian,Intermediate,Mastering Sociology,Fashion Design Studio,StatMaster
Cryptocurrency Trading,Russian,Advanced,Advanced Medicine Concepts,Mechanical Engineering Workshop,GeoExplorer
Public Health,German,Beginner,Theater Arts Essentials,Cybersecurity Essentials,EngLang
Philosophy,Spanish,Intermediate,Linguistics for Beginners,Economic Principles,EnviroEdu
Communication Studies,German,Intermediate,Advanced Civil Engineering Concepts,Urban Planning Insights,MechMaster
International Relations,Russian,Beginner,Advanced History Concepts,Political Science Crash Course,GameGenius
Sociology,French,Intermediate,Mastering Political Science,Cultural Anthropology Guide,MusicMagic
History,Chinese,Advanced,Introduction to Materials Science,Biochemistry Bootcamp,GameGenius
Choreography,French,Intermediate,Introduction to Paleontology,Music Composition Techniques,ForenTech
Developmental Psychology,Spanish,Advanced,Mastering Cryptography,Supply Chain Management Workshop,ElectriEdu
Organizational Behavior,French,Advanced,Mastering Pharmacology,Economic Principles,GeoExplorer
Nutrition,French,Intermediate,Advanced Computer Science Concepts,Math Mastery,CodeCraft
Biochemistry,Chinese,Advanced,Mastering Marketing,Cognitive Science Explorations,ConflictCoach
History,Chinese,Advanced,Mastering Cryptography,Choreography Masterclass,ArtHistoria
Statistics,English,Beginner,Mastering Cognitive Science,Cultural Anthropology Guide,ChemConnect
Computer Science,French,Advanced,Geography for Beginners,Sociology Insights,GeoExplorer
Business Administration,French,Advanced,Advanced Ethics Concepts,Cultural Anthropology Guide,CognoCraft
Statistics,English,Advanced,Advanced Cryptography Concepts,Game Design Workshop,EngLang
Entrepreneurship,English,Beginner,Advanced Anthropology Concepts,Philosophical Thinking,DevPsych
Quantum Computing,English,Intermediate,Cryptocurrency Trading for Beginners,Literary Classics Review,AstroAdvent
Industrial Psychology,Chinese,Beginner,Zoology for Beginners,Psychology 101,LitLearn
Behavioral Economics,Spanish,Beginner,Introduction to Genetics,Cybersecurity Essentials,GameGenius
Law,Spanish,Beginner,Mastering Art History,Urban Planning Insights,ConflictCoach
Music Composition,Spanish,Intermediate,Wilderness Survival for Beginners,Coding for Beginners,GameGenius
Cryptography,English,Intermediate,Introduction to Culinary Arts,Business Administration Bootcamp,NeuroNest
Developmental Psychology,French,Intermediate,Engineering for Beginners,Math Mastery,ArtHistoria
Astronomy,Russian,Advanced,Introduction to Theater Arts,Electrical Engineering Essentials,AgriApp
Industrial Psychology,Spanish,Intermediate,Sociology Essentials,Coding for Beginners,DevPsych
Microeconomics,Spanish,Beginner,Mechanical Engineering Essentials,Digital Marketing Strategies,BioBuddy
History,French,Beginner,Mastering Choreography,Agricultural Innovations,MateriMagic
Pharmacology,Russian,Intermediate,Introduction to Culinary Arts,Digital Marketing Strategies,CivilEssence
Zoology,Spanish,Beginner,Introduction to Pharmacology,English Grammar Workshop,BioBuddy
Architecture,German,Beginner,Introduction to Robotics,World History Explained,MateriMagic
Developmental Psychology,Spanish,Beginner,Mastering Economics,Operations Management Mastery,CodeCraft
Operations Management,Spanish,Advanced,Law Essentials,Digital Marketing Strategies,UrbanPlanner
Quantum Computing,Spanish,Advanced,Quantum Computing for Beginners,Political Science Crash Course,BioBlitz
Development Studies,Chinese,Advanced,Advanced Sports Science Concepts,Biochemistry Bootcamp,ChoreoCraft
Graphic Design,German,Beginner,Advanced International Relations Concepts,Philosophical Thinking,MusicMagic
Mathematics,French,Beginner,Advanced Behavioral Economics Concepts,Geology Discovery,ForenTech
Cryptography,Chinese,Beginner,Robotics for Beginners,Conflict Resolution Strategies,CivilEssence
Linguistic Anthropology,Chinese,Advanced,Introduction to Choreography,World History Explained,UrbanPlanner
Sports Science,Chinese,Intermediate,Advanced Interior Design Concepts,Statistical Analysis Workshop,SociStudy
Electrical Engineering,French,Intermediate,Mastering Marketing,Coding for Beginners,LitLearn
Art History,Spanish,Intermediate,Entrepreneurship Essentials,Game Design Workshop,StatMaster
Paleontology,French,Advanced,Law Essentials,Biochemistry Bootcamp,BioBlitz
Aerospace Engineering,Russian,Beginner,Advanced Marketing Concepts,Sociology Insights,AstroAdvent
Game Theory,Chinese,Advanced,Electrical Engineering for Beginners,Game Theory Fundamentals,ForenTech
Brand Management,Russian,Advanced,Choreography for Beginners,Mechanical Engineering Workshop,GeoGuru
Education,English,Beginner,Robotics Essentials,Renewable Energy Solutions,EngLang
Linguistic Anthropology,French,Advanced,Introduction to Communication Studies,Urban Planning Insights,PsychPal
Biochemistry,English,Advanced,Advanced Cultural Studies Concepts,Nanotechnology Explorations,SupplySense
Cryptocurrency Trading,Russian,Intermediate,Introduction to Human Rights,Civil Engineering Principles,EngLang
Conflict Resolution,French,Intermediate,Advanced Photography Concepts,Agricultural Innovations,GraphiGenius
Chemistry,Spanish,Beginner,Advanced Communication Studies Concepts,Music Composition Techniques,CodeCraft
Robotics,Chinese,Advanced,Introduction to Entrepreneurship,Neurobiology Essentials,AeroEdu
Microeconomics,German,Beginner,Forensic Science for Beginners,Environmental Science Explorations,MateriMagic
Linguistic Anthropology,English,Advanced,Quantum Mechanics for Beginners,Game Design Workshop,ChemConnect
Game Design,Chinese,Advanced,Introduction to Data Science,Neurobiology Essentials,CognoCraft
Communication Studies,English,Advanced,Introduction to International Relations,Renewable Energy Solutions,DevPsych
Engineering,Spanish,Beginner,Environmental Science for Beginners,Biology Basics,BizBoost
Microeconomics,Spanish,Beginner,Biochemistry for Beginners,Cybersecurity Essentials,MechMaster
Operations Management,English,Intermediate,Advanced Cultural Studies Concepts,Psychology 101,CultAnthro
Graphic Design,Spanish,Intermediate,Advanced Religious Studies Concepts,Psychology 101,AgriApp
Zoology,Chinese,Advanced,Advanced International Relations Concepts,Sociology Insights,AgriApp
Physics,English,Advanced,Computer Science for Beginners,Linguistics Lab,ArtHistoria
English Language,Chinese,Intermediate,Software Engineering Essentials,Game Theory Fundamentals,SupplySense
Cultural Studies,Chinese,Intermediate,Mastering Astronomy,Pharmacology Insights,MateriMagic
Quantum Computing,French,Beginner,Organizational Behavior for Beginners,Digital Marketing Strategies,OpMan
Music Composition,French,Advanced,Art History Essentials,Supply Chain Management Workshop,BioBlitz
Physics,French,Beginner,Culinary Arts for Beginners,Business Administration Bootcamp,AstroAdvent
Statistics,French,Intermediate,Microeconomics Essentials,Choreography Masterclass,GameGenius
Organizational Behavior,Russian,Beginner,Introduction to Music Composition,Forensic Science Fundamentals,EconEase
Human Resources Management,Spanish,Intermediate,Mastering Behavioral Economics,Agricultural Innovations,SupplySense
Economics,German,Advanced,Mastering Information Technology,Civil Engineering Principles,CyberSecPro
Aerospace Engineering,German,Advanced,Introduction to Supply Chain Management,Physics Fundamentals,ConflictCoach
Mechanical Engineering,English,Advanced,Biochemistry for Beginners,Astronomy Adventures,PoliSciPro
Microeconomics,Russian,Intermediate,Advanced Architecture Concepts,Business Administration Bootcamp,CryptoCraze
Wilderness Survival,Chinese,Intermediate,Environmental Science for Beginners,Psychology 101,DevPsych
Urban Planning,German,Advanced,Advanced Behavioral Economics Concepts,World History Explained,MateriMagic
Information Technology,Russian,Beginner,Advanced Marketing Concepts,Music Composition Techniques,StatMaster
Graphic Design,Russian,Beginner,Advanced Genetics Concepts,Sociology Insights,EconEase
Behavioral Economics,Chinese,Advanced,Mastering Computer Science,Civil Engineering Principles,GeoGuru
Game Design,English,Beginner,Biochemistry Essentials,Electrical Engineering Essentials,ChemConnect
Deep Learning,Russian,Advanced,Mastering Biochemistry,Choreography Masterclass,EngLang
Communication Studies,Spanish,Beginner,Graphic Design Essentials,Environmental Science Explorations,EthicEase
Renewable Energy,Spanish,Beginner,Introduction to Artificial Intelligence,Economic Principles,Fashionista
Forensic Science,German,Intermediate,Introduction to Theater Arts,Aerospace Engineering Explained,MateriMagic
Physics,Russian,Advanced,Renewable Energy Essentials,Neurobiology Essentials,SociStudy
Game Design,Spanish,Intermediate,Mastering Operations Management,Coding for Beginners,MathGenius
Ethics,French,Beginner,Advanced Anthropology Concepts,Digital Marketing Strategies,NanoNexus
Law,Russian,Advanced,Mastering Cryptocurrency Trading,Art History Journey,SociStudy
Game Theory,Russian,Intermediate,Music Theory Essentials,Biochemistry Bootcamp,ArtHistoria
Pharmacology,Spanish,Intermediate,Advanced Cognitive Science Concepts,Statistical Analysis Workshop,GameTactics
Data Science,German,Intermediate,Introduction to History,Environmental Science Explorations,EconEase
Literature,English,Intermediate,Mastering Anthropology,Biology Basics,EconEase
Macroeconomics,English,Beginner,Advanced Agriculture Concepts,Biology Basics,PsychPal
Literature,Chinese,Advanced,Introduction to Linguistics,Fashion Design Studio,MateriMagic
Forensic Science,German,Advanced,Advanced Deep Learning Concepts,Cognitive Science Explorations,EconEase
Religious Studies,Russian,Intermediate,Introduction to Photography,English Grammar Workshop,PhysicsExplorer
Cultural Studies,English,Advanced,Environmental Science Essentials,Conflict Resolution Strategies,ChemConnect
Art History,English,Intermediate,Introduction to Journalism,Cybersecurity Essentials,CivilEssence
Cryptography,Spanish,Advanced,Introduction to History,Cybersecurity Essentials,PharmaPedia
Religious Studies,German,Beginner,Introduction to Quantum Computing,Game Design Workshop,AgriApp
Pharmacology,Russian,Intermediate,Mastering Music Theory,Mechanical Engineering Workshop,ElectriEdu
Aerospace Engineering,Spanish,Beginner,Introduction to Materials Science,Cognitive Science Explorations,Fashionista
Entrepreneurship,English,Intermediate,Introduction to Neurobiology,Astronomy Adventures,GeoGuru
Conflict Resolution,French,Advanced,Mastering Deep Learning,Forensic Science Fundamentals,UrbanPlanner
Law,Russian,Intermediate,Mastering Philosophy,Physics Fundamentals,CryptoCraze
Marine Biology,Spanish,Intermediate,Mastering Fashion Design,Conflict Resolution Strategies,GraphiGenius
Physics,English,Beginner,Mastering Political Science,Literary Classics Review,EthicEase
Environmental Science,Russian,Beginner,Paleontology for Beginners,Physics Fundamentals,UrbanPlanner
Electrical Engineering,Spanish,Advanced,Architecture Essentials,Political Science Crash Course,GameTactics
Graphic Design,Spanish,Beginner,Advanced History Concepts,Civil Engineering Principles,CultAnthro
Human Resources Management,English,Advanced,Data Science Essentials,Digital Marketing Strategies,BioBlitz
Quantum Computing,Chinese,Advanced,Mastering Deep Learning,Electrical Engineering Essentials,EthicEase
Education,Spanish,Beginner,Introduction to Forensic Science,Chemistry Essentials,GeoGuru
Public Health,Russian,Beginner,Mechanical Engineering for Beginners,Cultural Anthropology Guide,DigitalMark
Software Engineering,German,Intermediate,Advanced Ethics Concepts,Digital Marketing Strategies,PoliSciPro
Paleontology,English,Beginner,Biology for Beginners,Cognitive Science Explorations,MathGenius
Information Technology,French,Beginner,Film Studies Essentials,Global Geography Tour,PsychPal
Neurobiology,Russian,Intermediate,Introduction to Marketing,Renewable Energy Solutions,GeoExplorer
Anthropology,Russian,Advanced,History Essentials,Civil Engineering Principles,SociStudy
Zoology,German,Beginner,Advanced Game Design Concepts,Choreography Masterclass,RenewTech
Organizational Behavior,German,Intermediate,Advanced Agriculture Concepts,Cryptocurrency Basics,DevPsych
Sociology,French,Advanced,Introduction to Human Rights,Game Theory Fundamentals,EnviroEdu
Urban Planning,Chinese,Beginner,Introduction to Civil Engineering,Conflict Resolution Strategies,AgriApp
Engineering,Spanish,Beginner,Forensic Science for Beginners,Psychology 101,BioBuddy
Entrepreneurship,French,Beginner,Geology for Beginners,Conflict Resolution Strategies,DigitalMark
English Language,Spanish,Beginner,Introduction to Culinary Arts,Global Geography Tour,LitLearn
Engineering,French,Beginner,Advanced Civil Engineering Concepts,Art History Journey,LinguaLab
Physics,Chinese,Beginner,Neurobiology Essentials,Sociology Insights,CognoCraft
Communication Studies,French,Beginner,Mastering Marine Biology,Materials Science Lab,BioBlitz
Astronomy,Spanish,Beginner,Mastering Photography,Civil Engineering Principles,UrbanPlanner
Information Technology,Chinese,Intermediate,Software Engineering Essentials,Statistical Analysis Workshop,CyberSecPro
Brand Management,English,Advanced,Advanced Sociology Concepts,Choreography Masterclass,GeoExplorer
Political Science,German,Advanced,Introduction to Choreography,Philosophical Thinking,BizBoost
Supply Chain Management,French,Beginner,Advanced Cryptography Concepts,Forensic Science Fundamentals,PsychPal
Political Science,Chinese,Advanced,Public Relations Essentials,Linguistics Lab,ChemConnect
Information Technology,Spanish,Intermediate,Introduction to Developmental Psychology,Environmental Science Explorations,NanoNexus
International Relations,Russian,Advanced,Mastering Statistics,Choreography Masterclass,UrbanPlanner
Civil Engineering,Spanish,Advanced,Advanced Marine Biology Concepts,Pharmacology Insights,ForenTech
Economics,Spanish,Intermediate,Advanced Game Design Concepts,Civil Engineering Principles,RenewTech
Public Relations,French,Advanced,Advanced Machine Learning Concepts,Astronomy Adventures,CyberSecPro
Journalism,French,Intermediate,Mastering Anthropology,Linguistics Lab,AstroAdvent
Culinary Arts,Chinese,Beginner,Advanced Forensic Science Concepts,Philosophical Thinking,RenewTech
Computer Science,English,Beginner,Astronomy for Beginners,Agricultural Innovations,PoliSciPro
Neurobiology,Chinese,Intermediate,Introduction to Medicine,Fashion Design Studio,GeoGuru
Pharmacology,Spanish,Advanced,Religious Studies for Beginners,Aerospace Engineering Explained,ForenTech
Entrepreneurship,Spanish,Beginner,Advanced International Relations Concepts,Geology Discovery,AgriApp
Artificial Intelligence,French,Beginner,Advanced Game Theory Concepts,Operations Management Mastery,GeoExplorer
Cognitive Science,Chinese,Intermediate,Mastering Choreography,Agricultural Innovations,NeuroNest
Statistics,Spanish,Intermediate,Introduction to Biology,Renewable Energy Solutions,CodeCraft
Art History,Spanish,Advanced,Robotics Essentials,Game Theory Fundamentals,PsychPal
Linguistic Anthropology,French,Beginner,Introduction to Sports Science,Cryptocurrency Basics,Histopedia
Mechanical Engineering,Chinese,Intermediate,Advanced Marketing Concepts,Cognitive Science Explorations,AstroAdvent
Marketing,English,Intermediate,Advanced Data Science Concepts,Developmental Psychology Workshop,GeoGuru
Renewable Energy,German,Advanced,Advanced Medicine Concepts,Business Administration Bootcamp,LitLearn
Computer Science,Chinese,Advanced,Biochemistry for Beginners,Psychology 101,DevPsych
Architecture,German,Advanced,Anthropology for Beginners,World History Explained,ArtHistoria
Electrical Engineering,Spanish,Advanced,Mastering Mathematics,Civil Engineering Principles,ForenTech
Robotics,Russian,Beginner,Mastering Wilderness Survival,World History Explained,SociStudy
Information Technology,French,Intermediate,Introduction to Engineering,Biochemistry Bootcamp,MateriMagic
Machine Learning,German,Beginner,Journalism Essentials,Choreography Masterclass,PoliSciPro
Public Health,Chinese,Beginner,Public Relations Essentials,Philosophical Thinking,PoliSciPro
Conflict Resolution,Chinese,Beginner,Mastering Film Studies,Mechanical Engineering Workshop,ArtHistoria
Data Science,Spanish,Intermediate,Introduction to Cryptocurrency,Linguistics Lab,ChemConnect
Geology,Chinese,Intermediate,Introduction to Urban Planning,Math Mastery,ForenTech
Film Studies,German,Beginner,Mastering Cryptocurrency Trading,Forensic Science Fundamentals,MusicMagic
Sociology,French,Intermediate,Advanced Economics Concepts,Biology Basics,MechMaster
Behavioral Economics,Russian,Advanced,Mastering Electrical Engineering,Electrical Engineering Essentials,ConflictCoach
Public Health,Spanish,Intermediate,Introduction to Linguistic Anthropology,Neurobiology Essentials,Fashionista
Forensic Science,English,Beginner,Marine Biology for Beginners,Math Mastery,GeoGuru
Agriculture,Chinese,Advanced,Mastering Deep Learning,Literary Classics Review,NeuroNest
Social Media Management,English,Beginner,Biochemistry for Beginners,Cultural Anthropology Guide,PsychPal
Graphic Design,German,Beginner,Mastering History,Conflict Resolution Strategies,CognoCraft
Human Rights,Chinese,Advanced,Mastering English Language,Materials Science Lab,StatMaster
Cultural Studies,German,Advanced,Physics for Beginners,Environmental Science Explorations,MateriMagic
Architecture,French,Beginner,Paleontology Essentials,Mechanical Engineering Workshop,EconEase
Computer Science,Spanish,Beginner,Advanced Cryptography Concepts,Developmental Psychology Workshop,ChoreoCraft
Chemistry,German,Beginner,Advanced Civil Engineering Concepts,Graphic Design Masterclass,EthicEase
Supply Chain Management,Russian,Advanced,Mastering Psychology,Fashion Design Studio,GameGenius
Renewable Energy,French,Intermediate,Communication Studies for Beginners,Business Administration Bootcamp,BizBoost
Forensic Science,German,Beginner,Biology for Beginners,Mechanical Engineering Workshop,LitLearn
Civil Engineering,Chinese,Intermediate,Advanced History Concepts,Chemistry Essentials,MathGenius
Cryptography,English,Intermediate,Nanotechnology Essentials,Fashion Design Studio,AeroEdu
Political Science,Spanish,Advanced,Choreography for Beginners,Materials Science Lab,BioBlitz
Cybersecurity,French,Advanced,Advanced English Language Concepts,Graphic Design Masterclass,PhysicsExplorer
Renewable Energy,English,Beginner,Biology for Beginners,Nanotechnology Explorations,ForenTech
Cognitive Science,German,Beginner,Introduction to Choreography,Ethical Dilemmas Seminar,ElectriEdu
Wilderness Survival,Spanish,Advanced,Introduction to Sports Science,Cultural Anthropology Guide,PhiloForum
Business Administration,Russian,Advanced,Advanced Agriculture Concepts,Electrical Engineering Essentials,MateriMagic
Physics,Chinese,Beginner,Architecture Essentials,Supply Chain Management Workshop,Fashionista
Genetics,Russian,Intermediate,Advanced Journalism Concepts,Urban Planning Insights,Histopedia
Engineering,English,Advanced,Neurobiology Essentials,Graphic Design Masterclass,SociStudy
Software Engineering,English,Advanced,Advanced Data Science Concepts,Game Theory Fundamentals,CyberSecPro
Sports Science,French,Intermediate,Introduction to Education,Renewable Energy Solutions,BioBlitz
Cryptography,Chinese,Advanced,Human Resources Management Essentials,Neurobiology Essentials,RenewTech
Religious Studies,Spanish,Advanced,Advanced Software Engineering Concepts,Materials Science Lab,NanoNexus
Supply Chain Management,English,Advanced,Communication Studies Essentials,Conflict Resolution Strategies,NeuroNest
Sociology,Spanish,Intermediate,Materials Science Essentials,World History Explained,RenewTech
Marine Biology,Russian,Intermediate,Mastering Economics,Supply Chain Management Workshop,ElectriEdu
Astronomy,German,Beginner,Advanced Cryptocurrency Trading Concepts,Cultural Anthropology Guide,UrbanPlanner
Supply Chain Management,Russian,Advanced,Mastering Statistics,Sociology Insights,OpMan
Music Theory,English,Beginner,Mastering Conflict Resolution,Choreography Masterclass,CultAnthro
History,German,Advanced,Introduction to Culinary Arts,Choreography Masterclass,GameTactics
Cryptography,Spanish,Advanced,Geography Essentials,Game Theory Fundamentals,GraphiGenius
Pharmacology,English,Advanced,Introduction to Cryptocurrency,World History Explained,LitLearn
Economics,Russian,Advanced,Advanced Conflict Resolution Concepts,World History Explained,SupplySense
Electrical Engineering,French,Intermediate,Forensic Science for Beginners,Fashion Design Studio,CivilEssence
Psychology,Russian,Intermediate,Entrepreneurship Essentials,Sociology Insights,AeroEdu
Fashion Design,Spanish,Beginner,Mastering Cryptography,Philosophical Thinking,AeroEdu
Fashion Design,French,Intermediate,Advanced Human Resources Management Concepts,Choreography Masterclass,CultAnthro
Agriculture,German,Advanced,Advanced Civil Engineering Concepts,Fashion Design Studio,CivilEssence
Public Relations,Russian,Advanced,Introduction to Forensic Science,Cognitive Science Explorations,GameGenius
Theater Arts,French,Advanced,Mastering Political Science,Graphic Design Masterclass,PoliSciPro
Supply Chain Management,German,Beginner,Introduction to Human Resources Management,Choreography Masterclass,GraphiGenius
Zoology,English,Advanced,Cognitive Science Essentials,Pharmacology Insights,Histopedia
Physics,Chinese,Advanced,Advanced Game Theory Concepts,Choreography Masterclass,PhiloForum
